,i,Centre,Temp Exp,Temp Pred,Melt Index,Mismatches
0,1,GCG/CGC,69.3,71.47,3.8891,0
1,2,CGC/GCG,69.1,69.73,3.8559,0
2,3,GGC/CCG,68.9,69.73,3.8559,0
3,4,GCC/CGG,68.7,69.73,3.8559,0
4,5,CGG/GCC,68.2,70.50,3.8707,0
5,6,CCG/GGC,68.2,70.50,3.8707,0
6,7,GGG/CCC,67.7,70.50,3.8707,0
7,8,CCC/GGG,67.7,69.10,3.8438,0
8,9,TGC/ACG,67.5,66.01,3.7847,0
9,10,GAC/CTG,67.2,65.46,3.7743,0
10,11,GCA/CGT,67.1,66.81,3.8000,0
11,12,TCG/AGC,66.6,66.24,3.7892,0
12,13,GGA/CCT,66.6,66.74,3.7988,0
13,14,CGA/GCT,66.5,66.74,3.7988,0
14,15,CAG/GTC,66.5,64.82,3.7621,0
15,16,GAG/CTC,66.5,66.24,3.7892,0
16,17,GCT/CGA,66.4,64.24,3.7509,0
17,18,CAC/GTG,66.4,64.03,3.7469,0
18,19,GTC/CAG,66.4,65.46,3.7743,0
19,20,GTG/CAC,66.2,65.46,3.7743,0
20,21,CGT/GCA,66.2,63.94,3.7451,0
21,22,AGC/TCG,66.1,66.01,3.7847,0
22,23,TCC/AGG,66.1,64.82,3.7621,0
23,24,CCA/GGT,66.0,65.35,3.7721,0
24,25,AGG/TCC,66.0,64.82,3.7621,0
25,26,GGT/CCA,66.0,63.94,3.7451,0
26,27,CTG/GAC,65.9,64.82,3.7621,0
27,28,GGC/CGG,65.9,64.44,3.7547,1
28,29,CTC/GAG,65.8,64.82,3.7621,0
29,30,TGG/ACC,65.5,64.82,3.7621,0
30,31,ACG/TGC,65.4,65.46,3.7743,0
31,32,ACC/TGG,65.2,64.03,3.7469,0
32,33,GAC/CGG,65.2,63.64,3.7394,1
33,34,TTG/AAC,64.9,60.94,3.6878,0
34,35,ATC/TAG,64.8,61.20,3.6928,0
35,36,GAA/CTT,64.7,62.28,3.7135,0
36,37,CAA/GTT,64.5,61.46,3.6977,0
37,38,GAG/AGC,64.5,64.76,3.7609,2
38,39,AAC/TTG,64.5,60.17,3.6730,0
39,40,CCT/GGA,64.4,63.29,3.7328,0
40,41,TTC/AAG,64.4,60.94,3.6878,0
41,42,TGA/ACT,64.4,60.94,3.6878,0
42,43,TCA/AGT,64.2,60.94,3.6878,0
43,44,AGA/TCT,64.2,60.94,3.6878,0
44,45,GAT/CTA,64.1,60.38,3.6771,0
45,46,GGC/CAG,64.0,63.64,3.7394,1
46,47,GTA/CAT,63.9,60.10,3.6718,0
47,48,GGG/CAC,63.8,63.15,3.7300,1
48,49,ACG/GGC,63.8,63.15,3.7300,1
49,50,AAG/TTC,63.8,60.94,3.6878,0
50,51,CGA/GAG,63.8,63.29,3.7328,2
51,52,CGG/GCA,63.8,65.13,3.7679,1
52,53,GGG/CGC,63.7,63.87,3.7439,1
53,54,GGG/CCG,63.7,64.68,3.7594,1
54,55,ATG/TAC,63.6,61.20,3.6928,0
55,56,GTG/CGC,63.6,62.10,3.7100,1
56,57,GCG/GGC,63.6,63.87,3.7439,1
57,58,GTT/CAA,63.6,60.10,3.6718,0
58,59,TAG/ATC,63.6,58.91,3.6490,0
59,60,CAC/GGG,63.6,62.23,3.7126,1
60,61,TAC/ATG,63.6,58.44,3.6399,0
61,62,CTA/GAT,63.6,59.45,3.6592,0
62,63,GAC/AGG,63.5,63.20,3.7310,2
63,64,GTC/CGG,63.5,61.06,3.6901,1
64,65,GGC/CTG,63.5,61.06,3.6901,1
65,66,GCG/CGT,63.5,64.35,3.7530,1
66,67,GGT/CCG,63.4,64.01,3.7466,1
67,68,GCT/CGG,63.2,63.69,3.7405,1
68,69,GCC/GGG,63.2,62.90,3.7253,1
69,70,GGC/ACG,63.1,63.41,3.7350,1
70,71,GGG/CCA,63.1,65.13,3.7679,1
71,72,GCG/AGC,63.1,64.15,3.7493,1
72,73,TCT/AGA,63.0,58.91,3.6490,0
73,74,CAT/GTA,63.0,59.72,3.6644,0
74,75,TGC/GCG,63.0,63.77,3.7419,1
75,76,ACA/TGT,63.0,60.17,3.6730,0
76,77,GCG/CGA,63.0,64.13,3.7487,1
77,78,GCA/CGG,63.0,63.16,3.7303,1
78,79,TGG/GCC,62.9,63.05,3.7281,1
79,80,CTT/GAA,62.9,59.45,3.6592,0
80,81,CGC/GTG,62.9,61.27,3.6941,1
81,82,GGA/AGG,62.8,59.35,3.6575,3
82,83,ACC/GGG,62.8,62.23,3.7126,1
83,84,GGG/CCT,62.8,64.50,3.7559,1
84,85,CGG/GTC,62.7,63.05,3.7281,1
85,86,AGT/TCA,62.7,58.44,3.6399,0
86,87,GGC/TCG,62.7,63.77,3.7419,1
87,88,CGC/GAG,62.6,63.17,3.7304,1
88,89,CGG/GCG,62.6,64.68,3.7594,1
89,90,CGC/GGG,62.6,62.90,3.7253,1
90,91,CGG/GAC,62.6,62.72,3.7218,1
91,92,GGG/TCC,62.6,63.05,3.7281,1
92,93,GAG/CGC,62.5,64.15,3.7493,1
93,94,GGT/CGA,62.5,60.81,3.6852,1
94,95,GCC/TGG,62.5,61.27,3.6942,1
95,96,CGG/GCT,62.4,64.50,3.7559,1
96,97,CCG/GGT,62.4,63.37,3.7343,1
97,98,AAA/TTT,62.4,57.42,3.6205,0
98,99,GCG/TGC,62.4,62.10,3.7100,1
99,100,CGT/GCG,62.4,64.01,3.7466,1
100,101,GGG/CTC,62.3,63.03,3.7277,1
101,102,GCC/AGG,62.3,63.17,3.7304,1
102,103,AGG/GCC,62.2,62.72,3.7218,1
103,104,GCG/CAC,62.2,59.68,3.6637,1
104,105,CAG/GGC,62.2,62.72,3.7218,1
105,106,TCG/GGC,62.2,63.03,3.7277,1
106,107,TGT/ACA,62.1,58.44,3.6399,0
107,108,GGA/CCG,62.1,63.94,3.7451,1
108,109,GCG/CGG,62.0,62.82,3.7237,1
109,110,GGA/CAT,62.0,61.26,3.6939,1
110,111,TCC/GGG,61.9,62.12,3.7104,1
111,112,ATA/TAT,61.8,55.69,3.5875,0
112,113,CTG/GGC,61.7,63.05,3.7281,1
113,114,GGC/GCG,61.7,63.03,3.7279,1
114,115,TAC/AGG,61.7,59.30,3.6564,1
115,116,GGG/GCC,61.6,62.37,3.7152,1
116,117,AGC/GCG,61.6,63.41,3.7350,1
117,118,CGA/GCG,61.6,63.94,3.7451,1
118,119,TAA/ATT,61.6,55.42,3.5823,0
119,120,CCG/GGA,61.5,63.23,3.7316,1
120,121,GGT/CAA,61.4,61.22,3.6931,1
121,122,TGG/ACA,61.4,59.30,3.6564,1
122,123,GAG/CAC,61.4,60.02,3.6703,1
123,124,CCT/GGG,61.4,62.87,3.7247,1
124,125,GAT/CGA,61.3,59.63,3.6628,1
125,126,TAT/ATA,61.3,53.63,3.5481,0
126,127,TGG/ACG,61.3,58.84,3.6477,1
127,128,GTG/CTC,61.3,59.50,3.6602,1
128,129,AGC/TAG,61.3,59.69,3.6639,1
129,130,CCA/GGG,61.3,62.47,3.7170,1
130,131,GAA/AGT,61.3,58.97,3.6501,2
131,132,GGA/CGT,61.2,60.83,3.6857,1
132,133,ACA/GGT,61.2,58.21,3.6357,1
133,134,TGC/AGG,61.2,58.84,3.6477,1
134,135,TGG/TCC,61.2,61.57,3.6999,1
135,136,AGG/TCA,61.2,59.30,3.6564,1
136,137,GCA/CGA,61.2,63.09,3.7289,1
137,138,AAT/TTA,61.2,55.69,3.5875,0
138,139,CGG/GGC,61.2,62.37,3.7152,1
139,140,TGC/TCG,61.2,62.14,3.7108,1
140,141,CTC/GGG,61.2,62.12,3.7104,1
141,142,TTA/AAT,61.1,55.42,3.5823,0
142,143,GTC/TAG,61.1,60.50,3.6794,1
143,144,CTG/GTC,61.1,61.56,3.6997,1
144,145,GGG/ACC,61.1,62.72,3.7218,1
145,146,GGA/TCT,61.1,58.73,3.6456,1
146,147,TTT/AAA,61.0,55.42,3.5823,0
147,148,GAC/CCG,61.0,60.08,3.6714,1
148,149,GAT/CTG,61.0,61.61,3.7005,1
149,150,GCT/CGT,61.0,63.84,3.7433,1
150,151,CCG/GGG,60.9,62.21,3.7120,1
151,152,GAC/TTG,60.9,58.50,3.6412,1
152,153,ATC/GAG,60.8,59.67,3.6636,1
153,154,CAC/GAG,60.8,58.54,3.6420,1
154,155,AGC/ACG,60.8,60.75,3.6842,1
155,156,GTC/GAG,60.7,59.89,3.6677,1
156,157,GGA/CTT,60.7,60.65,3.6823,1
157,158,GAA/AGG,60.7,59.72,3.6644,3
158,159,ATT/TAA,60.7,55.69,3.5875,0
159,160,ACT/TGA,60.7,58.44,3.6399,0
160,161,GTA/AGG,60.7,58.04,3.6324,3
161,162,TCG/AGT,60.7,58.97,3.6502,1
162,163,GCA/GGT,60.7,58.88,3.6484,1
163,164,TTG/AGC,60.6,58.97,3.6502,1
164,165,TGA/GCT,60.6,58.73,3.6456,1
165,166,GGA/AAG,60.6,60.33,3.6761,3
166,167,GAG/CTG,60.6,61.12,3.6912,1
167,168,CGA/GTT,60.6,59.52,3.6606,1
168,169,GTC/CTG,60.5,56.19,3.5969,1
169,170,GTG/CAT,60.4,59.78,3.6657,1
170,171,GAG/CTA,60.4,61.44,3.6974,1
171,172,GAC/ATG,60.4,58.03,3.6321,1
172,173,GGA/ATG,60.4,58.07,3.6329,3
173,174,TGC/ATG,60.4,58.51,3.6413,1
174,175,CGT/GTA,60.3,59.00,3.6508,1
175,176,GGA/CCC,60.3,61.94,3.7070,1
176,177,GTA/CGT,60.3,60.17,3.6732,1
177,178,ATG/GAC,60.3,59.67,3.6636,1
178,179,GAG/CCC,60.3,60.78,3.6847,1
179,180,GCA/CGC,60.3,62.49,3.7174,1
180,181,GGA/CAG,60.3,62.55,3.7186,2
181,182,TGT/ACG,60.3,58.51,3.6413,1
182,183,CAT/GTG,60.3,60.84,3.6859,1
183,184,GCA/AGT,60.3,58.85,3.6479,1
184,185,GTG/TAC,60.2,60.50,3.6794,1
185,186,GGA/CCA,60.2,62.11,3.7101,1
186,187,GGT/CTA,60.2,60.14,3.6726,1
187,188,GAG/TTC,60.2,58.97,3.6502,1
188,189,AGG/TAC,60.2,59.67,3.6636,1
189,190,ACG/CGC,60.2,59.68,3.6637,1
190,191,CAC/GCG,60.2,58.18,3.6351,1
191,192,GCA/AGG,60.2,56.37,3.6004,2
192,193,AGC/TGG,60.2,60.85,3.6862,1
193,194,GGA/ACT,60.2,58.37,3.6387,1
194,195,GAA/CGT,60.2,60.09,3.6717,1
195,196,AGT/TCG,60.1,58.51,3.6413,1
196,197,ATC/TGG,60.1,60.20,3.6737,1
197,198,CGA/GCA,60.1,62.11,3.7101,1
198,199,CCG/AGC,60.1,60.78,3.6847,1
199,200,GCT/CGC,60.1,61.91,3.7064,1
200,201,TCA/GGT,60.1,58.10,3.6335,1
201,202,CGA/GCC,60.0,61.94,3.7070,1
202,203,GGT/CCT,60.0,61.32,3.6950,1
203,204,TGG/ATC,60.0,58.48,3.6407,1
204,205,TGC/CCG,60.0,59.85,3.6670,1
205,206,TTC/AGG,60.0,58.97,3.6501,1
206,207,TGG/ACT,60.0,58.97,3.6501,1
207,208,CCT/GGT,60.0,61.29,3.6945,1
208,209,GGC/CCA,60.0,60.95,3.6880,1
209,210,CGC/ACG,60.0,60.02,3.6703,1
210,211,TAG/GTC,60.0,58.48,3.6407,1
211,212,AAC/TGG,60.0,61.27,3.6941,1
212,213,CAG/GTG,60.0,60.39,3.6774,1
213,214,GAC/GTG,60.0,57.43,3.6206,1
214,215,GTC/CCG,59.9,58.09,3.6333,1
215,216,AGA/GCT,59.9,58.37,3.6387,1
216,217,CGT/GGA,59.9,58.36,3.6384,1
217,218,CAG/GTA,59.9,60.69,3.6831,1
218,219,GGT/CCC,59.9,60.85,3.6862,1
219,220,GAC/CAG,59.9,58.26,3.6366,1
220,221,GGA/ACG,59.9,55.92,3.5918,2
221,222,GGT/CGG,59.9,59.50,3.6602,2
222,223,TAC/GTG,59.9,58.03,3.6322,1
223,224,CGT/GCT,59.9,61.32,3.6950,1
224,225,GGA/GCT,59.9,58.36,3.6384,1
225,226,AGG/TCT,59.9,58.97,3.6501,1
226,227,GCA/TGT,59.9,57.25,3.6172,1
227,228,CAG/GAC,59.8,60.32,3.6759,1
228,229,TGC/AAG,59.8,58.44,3.6399,1
229,230,AGG/ACC,59.8,60.32,3.6759,1
230,231,CTC/GTG,59.8,58.00,3.6315,1
231,232,CCA/GGA,59.7,60.54,3.6802,1
232,233,GAG/ATC,59.7,58.84,3.6477,1
233,234,TCT/AGG,59.7,58.48,3.6407,1
234,235,ACG/AGC,59.7,60.02,3.6703,1
235,236,TAG/AGC,59.7,58.84,3.6477,1
236,237,GCC/CTG,59.7,58.10,3.6335,1
237,238,GGT/TCA,59.7,56.27,3.5985,1
238,239,TGA/ACG,59.7,58.44,3.6399,1
239,240,GTG/GAC,59.6,59.89,3.6677,1
240,241,TTG/GAC,59.6,58.86,3.6480,1
241,242,CCC/GAG,59.6,60.07,3.6711,1
242,243,CGA/GAT,59.6,59.39,3.6581,1
243,244,CGC/GCA,59.6,60.95,3.6880,1
244,245,GCT/GGA,59.6,56.90,3.6105,1
245,246,TCG/CGC,59.6,59.77,3.6654,1
246,247,AAG/GTC,59.6,58.42,3.6396,1
247,248,AGG/TCG,59.6,58.84,3.6477,1
248,249,TTG/TAC,59.5,58.65,3.6440,1
249,250,CTG/GAT,59.5,59.13,3.6532,1
250,251,GGT/ACA,59.5,55.92,3.5918,1
251,252,TCA/AGG,59.5,58.42,3.6396,1
252,253,GAG/AGT,59.5,58.13,3.6341,3
253,254,CAA/GGT,59.5,58.63,3.6436,1
254,255,TCG/AGA,59.5,58.84,3.6477,1
255,256,GCG/CTC,59.5,59.77,3.6654,1
256,257,GGG/CAA,59.4,59.56,3.6614,2
257,258,GTG/CCC,59.4,58.47,3.6406,1
258,259,GTA/AAG,59.4,54.98,3.5738,2
259,260,GTC/AAG,59.4,60.84,3.6859,1
260,261,CTT/GAG,59.4,59.13,3.6532,1
261,262,CCC/AGG,59.4,60.07,3.6711,1
262,263,TGG/AGC,59.3,58.20,3.6354,1
263,264,TGA/AAG,59.3,58.07,3.6329,2
264,265,GAG/AGG,59.3,58.49,3.6410,3
265,266,TCG/AGG,59.3,58.20,3.6354,1
266,267,AAC/GTG,59.3,57.66,3.6251,1
267,268,GAG/CTT,59.3,60.76,3.6843,1
268,269,GAA/AAG,59.3,57.99,3.6314,3
269,270,GCC/CAG,59.3,60.08,3.6714,1
270,271,GGC/AGG,59.3,59.79,3.6658,2
271,272,GCC/CGT,59.3,62.00,3.7081,1
272,273,CAG/GTT,59.3,60.06,3.6710,1
273,274,GAA/TTT,59.3,55.49,3.5836,1
274,275,TGA/TCT,59.2,57.54,3.6228,1
275,276,CAG/GCC,59.2,59.66,3.6633,1
276,277,TTC/GAG,59.2,58.86,3.6480,1
277,278,GCG/CCC,59.2,59.70,3.6640,1
278,279,ACC/CGG,59.2,58.18,3.6351,1
279,280,CTA/GGT,59.2,59.02,3.6512,1
280,281,GTA/CAA,59.1,58.75,3.6460,1
281,282,CGC/GCT,59.1,59.98,3.6695,1
282,283,CGT/GAA,59.1,59.35,3.6573,1
283,284,CCG/GTC,59.1,59.51,3.6605,1
284,285,AGC/CCG,59.1,60.02,3.6703,1
285,286,GGC/TGG,59.1,57.30,3.6183,2
286,287,CTG/GAA,59.0,59.10,3.6527,1
287,288,GAG/GTC,59.0,58.20,3.6354,1
288,289,GTG/CAA,59.0,59.76,3.6652,1
289,290,GCG/AAC,59.0,58.54,3.6418,2
290,291,TGG/AAC,59.0,58.42,3.6396,1
291,292,CCG/GAC,59.0,59.66,3.6633,1
292,293,CGG/ACC,59.0,59.66,3.6633,1
293,294,AGG/CCC,59.0,59.66,3.6633,1
294,295,ATG/TGC,59.0,60.50,3.6794,1
295,296,TCG/TGC,59.0,59.50,3.6602,1
296,297,CGA/GGT,59.0,58.38,3.6390,1
297,298,AGG/TTC,58.9,58.86,3.6480,1
298,299,GTT/CAG,58.9,59.78,3.6657,1
299,300,TCC/TGG,58.9,58.00,3.6315,1
300,301,CAT/GGA,58.9,58.14,3.6343,1
301,302,CGG/TCC,58.9,59.51,3.6605,1
302,303,CGC/CCG,58.9,59.53,3.6609,1
303,304,CGC/TCG,58.9,59.85,3.6670,1
304,305,GCC/CGA,58.9,61.84,3.7050,1
305,306,ACT/GGA,58.9,56.20,3.5972,1
306,307,CGT/GCC,58.9,60.85,3.6862,1
307,308,CCA/GGC,58.9,59.94,3.6688,1
308,309,AAC/GGG,58.9,57.36,3.6194,2
309,310,GAA/ATG,58.9,54.42,3.5631,2
310,311,GAA/CTG,58.9,61.29,3.6945,1
311,312,TTC/TAG,58.8,58.65,3.6440,1
312,313,CGC/GAA,58.8,58.87,3.6482,2
313,314,ACC/AGG,58.8,58.54,3.6420,1
314,315,CCC/GTG,58.8,56.94,3.6114,1
315,316,CTG/GCC,58.7,59.51,3.6605,1
316,317,AGC/TTG,58.7,58.54,3.6420,1
317,318,GCT/AGA,58.7,57.17,3.6157,1
318,319,TGG/CCC,58.7,59.51,3.6605,1
319,320,CCT/GGC,58.7,59.33,3.6571,1
320,321,TAG/TTC,58.7,57.36,3.6194,1
321,322,GGC/AAG,58.7,57.77,3.6273,2
322,323,CGT/GAG,58.7,59.57,3.6616,2
323,324,GGC/TAG,58.7,56.99,3.6122,2
324,325,GGC/CCT,58.7,59.98,3.6695,1
325,326,CTA/GTT,58.7,57.48,3.6217,1
326,327,TGA/ACA,58.6,56.73,3.6074,1
327,328,CGG/GAG,58.6,59.94,3.6687,2
328,329,TTG/ATC,58.6,57.35,3.6193,1
329,330,GGA/CAA,58.6,58.99,3.6506,2
330,331,TGT/GCA,58.6,56.27,3.5985,1
331,332,GAG/AAC,58.6,58.85,3.6479,2
332,333,GTG/AAC,58.6,60.84,3.6859,1
333,334,CGG/CCC,58.6,59.25,3.6554,1
334,335,GTG/AGC,58.6,57.97,3.6311,2
335,336,AGA/TCG,58.6,58.44,3.6399,1
336,337,TAC/TTG,58.6,56.57,3.6043,1
337,338,GAA/CAT,58.6,58.32,3.6377,1
338,339,GTT/CAT,58.6,58.63,3.6436,1
339,340,GTA/TAT,58.6,54.98,3.5738,1
340,341,GAT/AGA,58.5,58.77,3.6462,2
341,342,CTG/GAG,58.5,57.97,3.6310,1
342,343,TCC/CGG,58.5,59.15,3.6536,1
343,344,CCC/GGT,58.5,59.42,3.6588,1
344,345,GGT/GCA,58.5,55.55,3.5848,1
345,346,CCG/CGC,58.5,59.70,3.6640,1
346,347,CTA/GAG,58.5,59.10,3.6527,1
347,348,CAA/GTG,58.5,60.55,3.6804,1
348,349,GAT/CTT,58.5,60.80,3.6851,1
349,350,TCT/GGA,58.4,56.09,3.5951,1
350,351,GTC/AGG,58.4,58.08,3.6332,2
351,352,CAT/GTT,58.4,59.35,3.6575,1
352,353,GAC/GGG,58.4,57.25,3.6173,2
353,354,AAG/CGC,58.4,58.54,3.6418,2
354,355,GAA/ACG,58.4,56.70,3.6067,3
355,356,GGA/CGG,58.4,60.11,3.6719,2
356,357,AAT/TTG,58.4,56.80,3.6086,1
357,358,TGA/GAG,58.4,58.00,3.6315,3
358,359,TGG/GTC,58.3,57.56,3.6233,2
359,360,AGG/TGC,58.3,59.89,3.6677,1
360,361,GTA/CTT,58.3,57.55,3.6230,1
361,362,GGC/CCC,58.3,59.61,3.6624,1
362,363,TAC/AAG,58.3,56.73,3.6074,1
363,364,TGC/GTG,58.3,57.28,3.6179,2
364,365,AGT/GCA,58.3,55.92,3.5918,1
365,366,GTT/CGA,58.3,58.46,3.6405,1
366,367,TTG/CAC,58.3,56.39,3.6008,1
367,368,GCC/CGC,58.3,60.83,3.6858,1
368,369,ATG/TTC,58.3,58.65,3.6440,1
369,370,GAC/AAG,58.3,57.56,3.6231,2
370,371,CTC/GCG,58.3,59.14,3.6535,1
371,372,TGC/ACA,58.2,55.67,3.5871,1
372,373,GAT/CAA,58.2,57.51,3.6223,1
373,374,GCT/TGA,58.2,55.21,3.5783,1
374,375,CGC/GCC,58.2,59.61,3.6624,1
375,376,AAC/TAG,58.2,57.60,3.6240,1
376,377,TAC/ACG,58.1,55.67,3.5871,1
377,378,GTA/ATG,58.1,54.86,3.5716,3
378,379,CGG/GAA,58.1,59.85,3.6670,2
379,380,GGG/AGC,58.1,59.80,3.6661,2
380,381,ATT/TAG,58.1,55.37,3.5813,1
381,382,TCT/AGT,58.0,57.35,3.6193,1
382,383,CGA/GAA,58.0,59.31,3.6566,2
383,384,GTA/CAG,58.0,59.76,3.6652,1
384,385,GCA/CAT,58.0,57.19,3.6161,1
385,386,GGG/CAT,58.0,58.89,3.6487,2
386,387,CTT/GAT,58.0,57.96,3.6308,1
387,388,ACG/TGT,58.0,58.50,3.6412,1
388,389,GTC/CAA,58.0,57.90,3.6296,1
389,390,GTA/CAC,58.0,57.90,3.6296,1
390,391,GTA/GAT,58.0,54.35,3.5619,1
391,392,GTG/CGT,58.0,58.79,3.6466,2
392,393,TAA/GTT,57.9,55.01,3.5744,1
393,394,AGA/TAT,57.9,56.65,3.6058,1
394,395,AGA/ACT,57.9,56.29,3.5989,1
395,396,CTT/GTA,57.9,57.07,3.6139,1
396,397,GAT/TTA,57.9,53.70,3.5494,1
397,398,AAG/AGC,57.9,58.85,3.6479,2
398,399,AAG/ATC,57.9,56.69,3.6065,1
399,400,GCA/AAG,57.9,56.41,3.6013,3
400,401,AGA/TAG,57.9,59.47,3.6596,2
401,402,GCA/ACG,57.9,55.23,3.5786,3
402,403,GAA/CCT,57.9,58.16,3.6347,1
403,404,GAA/ATT,57.9,55.36,3.5812,1
404,405,GGG/CTG,57.8,60.09,3.6715,2
405,406,AAC/ATG,57.8,55.90,3.5914,1
406,407,AAC/CTG,57.8,55.35,3.5809,1
407,408,CAA/GAT,57.8,56.75,3.6078,1
408,409,GCT/CAA,57.8,57.13,3.6150,1
409,410,AGA/TCA,57.8,56.73,3.6074,1
410,411,TGT/TCA,57.8,54.71,3.5688,1
411,412,CCG/GCC,57.8,59.25,3.6554,1
412,413,GGG/ATC,57.8,59.82,3.6665,2
413,414,GTG/CAG,57.8,58.63,3.6436,1
414,415,GTA/ACG,57.8,56.01,3.5936,3
415,416,AAG/TTG,57.8,56.36,3.6003,1
416,417,GTA/CCT,57.7,57.10,3.6144,1
417,418,TGA/ATT,57.7,55.11,3.5763,1
418,419,TTG/AAA,57.7,55.09,3.5759,1
419,420,CTT/GGA,57.7,57.28,3.6179,1
420,421,GTC/GGG,57.7,58.66,3.6443,2
421,422,ATA/GAT,57.7,54.14,3.5578,1
422,423,TGA/ACC,57.6,56.59,3.6046,1
423,424,AAC/AGG,57.6,57.47,3.6215,2
424,425,TAG/ATA,57.6,54.63,3.5672,1
425,426,GGG/AAC,57.6,58.73,3.6456,2
426,427,ATC/AAG,57.6,57.54,3.6228,1
427,428,GGG/CAG,57.6,58.44,3.6401,2
428,429,GGC/GGG,57.6,56.71,3.6069,2
429,430,TAC/GGG,57.6,57.71,3.6260,2
430,431,GGC/TTG,57.6,56.70,3.6068,2
431,432,CCA/AGT,57.6,56.04,3.5942,1
432,433,GGG/CGT,57.6,58.93,3.6494,2
433,434,AAA/GTT,57.6,54.61,3.5668,1
434,435,CAC/GTT,57.6,58.23,3.6359,1
435,436,CCC/GGA,57.5,59.25,3.6554,1
436,437,GAT/ATA,57.5,53.57,3.5468,1
437,438,GTT/CGG,57.5,58.36,3.6384,2
438,439,GAG/AGA,57.5,58.01,3.6318,3
439,440,TAG/AAC,57.5,56.69,3.6065,1
440,441,GTG/GGC,57.5,57.24,3.6170,2
441,442,GCC/CCG,57.5,58.66,3.6443,1
442,443,GGG/CGG,57.5,58.21,3.6355,2
443,444,GCA/ATG,57.5,56.06,3.5946,3
444,445,ATC/TTG,57.5,57.65,3.6249,1
445,446,TGT/ACT,57.5,56.01,3.5936,1
446,447,GCA/CTT,57.5,56.25,3.5982,1
447,448,TGA/AAT,57.5,55.09,3.5759,1
448,449,CAA/GCT,57.5,56.17,3.5965,1
449,450,GTC/CAT,57.4,57.41,3.6204,1
450,451,GAT/CCA,57.4,56.56,3.6040,1
451,452,AGA/TCC,57.4,56.59,3.6046,1
452,453,TCC/AAG,57.4,56.59,3.6046,1
453,454,GGC/ATG,57.4,58.44,3.6399,2
454,455,GTT/TAA,57.4,54.98,3.5738,1
455,456,AGT/ACA,57.4,53.40,3.5437,1
456,457,TCA/AGA,57.4,56.68,3.6064,1
457,458,GGG/CGA,57.4,58.53,3.6417,2
458,459,GAA/CTA,57.4,60.54,3.6802,1
459,460,TAT/GTA,57.4,53.21,3.5399,1
460,461,AAG/TGC,57.4,60.84,3.6859,1
461,462,GAT/AGG,57.4,57.85,3.6286,3
462,463,GAA/CGG,57.4,57.90,3.6296,2
463,464,GAT/CGG,57.4,58.13,3.6341,2
464,465,CAC/TTG,57.4,54.91,3.5725,1
465,466,GAC/CTT,57.4,59.70,3.6642,1
466,467,TTA/AAG,57.4,55.09,3.5759,1
467,468,GAC/TGG,57.3,55.93,3.5919,2
468,469,CTA/GAA,57.3,58.09,3.6333,1
469,470,GGG/TTC,57.3,56.99,3.6122,2
470,471,CAA/GAG,57.3,57.32,3.6186,2
471,472,GGA/GAG,57.3,57.19,3.6161,3
472,473,CCC/CGG,57.3,58.20,3.6354,1
473,474,ATG/TAT,57.3,55.37,3.5813,1
474,475,GGG/TCT,57.3,56.80,3.6087,2
475,476,GAA/GTT,57.3,54.38,3.5624,1
476,477,AAG/TTT,57.3,56.03,3.5939,1
477,478,GAG/GGC,57.3,59.80,3.6661,2
478,479,TTT/AAG,57.3,55.11,3.5763,1
479,480,CGG/GTG,57.3,57.12,3.6147,2
480,481,ACA/CGT,57.3,54.19,3.5588,1
481,482,GAT/AGT,57.2,57.35,3.6191,3
482,483,CGA/GTG,57.2,56.87,3.6100,2
483,484,TAT/AGA,57.2,54.63,3.5672,1
484,485,CGG/GTA,57.2,57.92,3.6302,2
485,486,TCG/AAC,57.2,56.15,3.5963,1
486,487,ATG/TCC,57.2,56.58,3.6044,1
487,488,CCC/GGC,57.2,59.20,3.6546,1
488,489,GTG/ATC,57.2,56.84,3.6094,2
489,490,AAG/CTC,57.2,56.15,3.5963,1
490,491,GAT/CTC,57.2,59.72,3.6644,1
491,492,GGG/ACG,57.2,56.65,3.6057,2
492,493,CCC/GCG,57.2,58.20,3.6354,1
493,494,GTA/CGG,57.2,58.74,3.6457,2
494,495,TAC/CTG,57.2,54.83,3.5710,1
495,496,CCA/GTT,57.2,55.69,3.5873,1
496,497,TTG/AAT,57.2,55.11,3.5763,1
497,498,TAA/AGT,57.2,55.09,3.5759,1
498,499,TGA/CCT,57.1,55.49,3.5836,1
499,500,CGT/GAC,57.1,57.68,3.6255,2
500,501,AGG/GTC,57.1,56.88,3.6101,2
501,502,TAT/ATG,57.1,54.79,3.5702,1
502,503,CGT/GAT,57.1,58.79,3.6468,2
503,504,CTG/GGT,57.1,57.60,3.6240,2
504,505,AAG/TTA,57.1,56.65,3.6058,1
505,506,TTG/ACC,57.1,55.71,3.5879,1
506,507,CCG/TGC,57.1,58.47,3.6406,1
507,508,GAA/CTC,57.1,59.77,3.6655,1
508,509,GGG/GTC,57.1,57.71,3.6260,2
509,510,GCC/AAG,57.1,57.43,3.6206,2
510,511,GGC/GAG,57.1,56.00,3.5933,2
511,512,CAA/GCG,57.1,56.95,3.6115,2
512,513,CGT/GGG,57.1,57.95,3.6307,2
513,514,CAC/ATG,57.1,54.76,3.5696,1
514,515,GGT/CTG,57.1,56.39,3.6008,2
515,516,GCG/GGT,57.1,56.96,3.6117,2
516,517,GGG/CTT,57.1,59.31,3.6566,2
517,518,CAT/GTC,57.1,58.23,3.6361,1
518,519,CGG/GAT,57.0,59.92,3.6684,2
519,520,CGG/GTT,57.0,57.91,3.6299,2
520,521,TGT/ATA,57.0,54.79,3.5702,1
521,522,TGC/ACT,57.0,54.81,3.5706,1
522,523,TCA/AGC,57.0,56.14,3.5961,1
523,524,TTC/ATG,57.0,56.01,3.5936,1
524,525,AGT/TAA,57.0,56.07,3.5947,1
525,526,AAG/TAC,57.0,57.54,3.6228,1
526,527,GGG/TAC,57.0,57.32,3.6186,2
527,528,AAG/GGC,57.0,58.73,3.6456,2
528,529,ATG/GGC,57.0,57.32,3.6186,2
529,530,TAG/GGC,57.0,59.82,3.6665,2
530,531,CAG/TTC,57.0,55.71,3.5879,1
531,532,GTG/CGG,57.0,57.15,3.6154,2
532,533,GGA/CTG,57.0,58.48,3.6407,2
533,534,CTA/GCT,57.0,55.60,3.5857,1
534,535,GTC/CAC,57.0,56.78,3.6083,1
535,536,TGC/GGG,57.0,57.77,3.6273,2
536,537,CGA/ACT,57.0,55.64,3.5865,1
537,538,AGT/TCT,57.0,56.01,3.5936,1
538,539,AGA/TTT,57.0,56.03,3.5939,1
539,540,CAT/GAA,56.9,55.92,3.5918,1
540,541,CGA/TCT,56.9,55.49,3.5836,1
541,542,CGT/TCA,56.9,52.57,3.5278,1
542,543,GGG/TCA,56.9,57.41,3.6204,2
543,544,GAC/CTA,56.9,59.46,3.6595,1
544,545,CAA/GTA,56.9,59.09,3.6524,1
545,546,CTG/TAC,56.9,56.58,3.6044,1
546,547,TCG/ATC,56.9,55.63,3.5864,1
547,548,AAC/TCG,56.9,57.22,3.6168,1
548,549,GGG/TCG,56.9,56.99,3.6122,2
549,550,AAC/CGG,56.9,56.54,3.6038,2
550,551,AGC/GGG,56.9,56.63,3.6054,2
551,552,GTA/AAT,56.9,55.33,3.5805,1
552,553,CCA/GAT,56.9,55.52,3.5841,1
553,554,ACA/AGT,56.9,54.54,3.5654,1
554,555,GGT/AAA,56.9,54.64,3.5674,2
555,556,TGG/GCA,56.9,57.41,3.6204,2
556,557,TTC/ACG,56.9,54.81,3.5706,1
557,558,TTA/AGT,56.9,55.11,3.5763,1
558,559,GGC/CAA,56.8,57.87,3.6291,2
559,560,TAG/ATG,56.8,54.32,3.5613,1
560,561,GGC/GTG,56.8,56.34,3.5999,2
561,562,GAG/CAA,56.8,56.83,3.6093,2
562,563,GTT/CAC,56.8,57.41,3.6204,1
563,564,TTG/GGC,56.8,56.99,3.6123,2
564,565,TAG/CTC,56.8,55.63,3.5864,1
565,566,ATA/TAG,56.8,55.35,3.5809,1
566,567,ATG/TAG,56.8,54.24,3.5598,1
567,568,GGT/ACG,56.8,55.99,3.5932,2
568,569,CGA/GGG,56.8,58.67,3.6445,2
569,570,GCG/AGT,56.8,57.23,3.6169,2
570,571,TAA/TTT,56.8,53.50,3.5456,1
571,572,CAG/ATC,56.8,55.57,3.5851,1
572,573,TGC/GAG,56.8,56.53,3.6035,2
573,574,TGG/GCG,56.8,56.99,3.6122,2
574,575,CTC/TAG,56.7,56.58,3.6044,1
575,576,ATT/GAA,56.7,54.14,3.5578,1
576,577,GAG/CGA,56.7,57.29,3.6180,2
577,578,GGG/CTA,56.7,59.48,3.6599,2
578,579,GAG/TAC,56.7,56.86,3.6097,2
579,580,GAC/TAG,56.7,55.72,3.5880,2
580,581,CAT/GGG,56.7,57.01,3.6126,2
581,582,GCT/GGG,56.7,56.49,3.6026,2
582,583,ACA/TGG,56.7,57.65,3.6249,1
583,584,CCC/TGG,56.7,56.94,3.6114,1
584,585,TCA/TGT,56.7,54.00,3.5551,1
585,586,GGA/CAC,56.7,57.27,3.6176,2
586,587,GGT/CAC,56.7,56.30,3.5992,2
587,588,TGG/GAC,56.7,56.88,3.6101,2
588,589,TGG/GCT,56.7,56.80,3.6087,2
589,590,TGA/AGT,56.6,53.98,3.5547,1
590,591,TAG/ATT,56.6,53.99,3.5549,1
591,592,GTG/CGA,56.6,57.41,3.6202,2
592,593,CTG/AAC,56.6,57.09,3.6143,1
593,594,AGG/GAC,56.6,56.43,3.6015,2
594,595,CAA/GTC,56.6,58.29,3.6372,1
595,596,GGT/CAG,56.6,58.52,3.6416,2
596,597,GCA/CCG,56.6,55.71,3.5878,2
597,598,GGT/AGG,56.6,56.19,3.5969,3
598,599,CAA/GGG,56.6,57.37,3.6195,2
599,600,TCA/CGT,56.6,55.14,3.5769,1
600,601,CAG/GGT,56.6,56.48,3.6025,2
601,602,ACT/TGG,56.6,58.03,3.6322,1
602,603,GTA/AGT,56.6,55.55,3.5847,2
603,604,TGG/GGC,56.6,57.71,3.6260,2
604,605,TGG/TTC,56.6,56.17,3.5967,2
605,606,TTG/AAG,56.6,53.97,3.5546,1
606,607,AGA/CCT,56.5,55.64,3.5865,1
607,608,GAT/GTA,56.5,52.54,3.5272,1
608,609,ATC/GGG,56.5,57.42,3.6205,2
609,610,GTC/ATG,56.5,56.48,3.6025,2
610,611,GTT/GAA,56.5,54.35,3.5619,1
611,612,GGG/ACA,56.5,57.08,3.6140,2
612,613,CTG/GGA,56.5,57.35,3.6191,2
613,614,GTT/CTA,56.5,57.14,3.6151,1
614,615,ATG/AAC,56.5,57.54,3.6228,1
615,616,ATG/CAC,56.5,56.17,3.5967,1
616,617,GAG/ACC,56.5,58.24,3.6362,2
617,618,AAG/TCC,56.5,57.09,3.6143,1
618,619,CGA/GGC,56.5,56.59,3.6047,2
619,620,ACC/TAG,56.5,57.13,3.6150,1
620,621,GCA/GGG,56.5,56.09,3.5951,2
621,622,GCA/AAT,56.5,54.85,3.5714,2
622,623,TTA/TAT,56.5,53.10,3.5379,1
623,624,TCC/AGT,56.5,55.71,3.5878,1
624,625,GAG/CGG,56.4,57.77,3.6271,2
625,626,AAA/TTG,56.4,56.51,3.6032,1
626,627,GGT/ATA,56.4,55.31,3.5802,2
627,628,GTC/ACG,56.4,55.70,3.5876,2
628,629,CTG/GGG,56.4,57.12,3.6147,2
629,630,CAC/CTG,56.4,53.87,3.5526,1
630,631,TTA/GAT,56.4,53.31,3.5419,1
631,632,GGG/ACT,56.4,56.46,3.6022,2
632,633,ACG/GGT,56.4,56.27,3.5985,2
633,634,CTT/GAC,56.4,56.73,3.6074,1
634,635,TGC/TTG,56.4,55.20,3.5780,2
635,636,GGC/AGA,56.4,55.02,3.5746,3
636,637,GAC/ACG,56.3,56.28,3.5988,2
637,638,GAC/AGA,56.3,56.18,3.5968,3
638,639,CTA/GAC,56.3,57.22,3.6166,1
639,640,AAC/GAG,56.3,54.08,3.5565,2
640,641,GCA/GCG,56.3,54.76,3.5697,3
641,642,CAG/GGG,56.3,56.95,3.6115,2
642,643,TTC/GGG,56.3,56.93,3.6111,2
643,644,TCC/ATG,56.3,55.59,3.5855,1
644,645,CTC/GAT,56.3,56.73,3.6074,1
645,646,GCA/CCT,56.3,55.91,3.5917,1
646,647,TGG/TCA,56.3,55.90,3.5914,2
647,648,AGT/TCC,56.3,55.59,3.5855,1
648,649,TCT/AGC,56.3,55.63,3.5862,1
649,650,CTC/AAG,56.3,57.09,3.6143,1
650,651,CAT/GAG,56.2,56.14,3.5961,2
651,652,GAG/CCT,56.2,57.27,3.6176,2
652,653,AGG/GCT,56.2,56.46,3.6022,2
653,654,GGA/AGT,56.2,55.90,3.5915,2
654,655,GAT/AAA,56.2,55.06,3.5755,2
655,656,TTA/AAA,56.2,54.10,3.5570,1
656,657,CTC/GAA,56.2,57.22,3.6166,1
657,658,CGT/ACA,56.2,52.72,3.5307,1
658,659,GAA/AGA,56.2,56.12,3.5956,3
659,660,TCC/AGA,56.2,55.56,3.5850,1
660,661,CAC/GTA,56.2,57.97,3.6311,1
661,662,GGG/GAC,56.2,56.65,3.6057,2
662,663,TAG/GAC,56.2,56.62,3.6053,2
663,664,TGG/TAC,56.2,55.95,3.5924,2
664,665,CAG/AGC,56.2,58.24,3.6362,2
665,666,GGG/TGC,56.2,57.24,3.6170,2
666,667,GCC/ACG,56.2,55.65,3.5866,2
667,668,CCA/GTG,56.2,55.00,3.5742,2
668,669,CAG/GAT,56.2,56.33,3.5997,2
669,670,ATA/TGT,56.2,56.80,3.6087,1
670,671,CAG/GCT,56.2,56.51,3.6031,2
671,672,GTA/CGA,56.1,56.79,3.6085,2
672,673,CGG/GGT,56.1,57.37,3.6195,2
673,674,AGG/GCA,56.1,57.08,3.6140,2
674,675,CTT/GCA,56.1,54.72,3.5689,1
675,676,TGG/CAC,56.1,54.31,3.5610,2
676,677,TAG/ACC,56.1,55.56,3.5850,1
677,678,ATG/AGC,56.1,56.86,3.6097,2
678,679,CGT/GGC,56.1,56.26,3.5983,2
679,680,GGG/GGC,56.1,56.86,3.6097,2
680,681,ATG/GTC,56.1,55.95,3.5924,2
681,682,TTG/GTC,56.1,56.17,3.5967,2
682,683,GAT/AAG,56.1,55.23,3.5787,3
683,684,CCA/GAG,56.1,56.92,3.6110,2
684,685,GGA/TAG,56.1,56.30,3.5992,3
685,686,GGT/TCG,56.1,56.33,3.5997,2
686,687,CAC/AGG,56.1,56.22,3.5976,2
687,688,GCT/AGG,56.1,56.75,3.6078,2
688,689,CTT/GGG,56.1,57.16,3.6155,2
689,690,GCA/CTG,56.1,55.39,3.5816,2
690,691,GGT/CAT,56.1,56.40,3.6010,2
691,692,ATA/TTT,56.1,55.34,3.5806,1
692,693,GGT/AGA,56.0,54.71,3.5686,2
693,694,CGG/AGC,56.0,56.69,3.6065,2
694,695,AGG/ATC,56.0,56.62,3.6053,2
695,696,GGC/AAA,56.0,55.05,3.5752,3
696,697,GTC/AGA,56.0,54.90,3.5723,3
697,698,GTT/AAA,56.0,55.33,3.5805,1
698,699,ATG/TAA,56.0,55.35,3.5809,1
699,700,GAG/CCA,56.0,56.72,3.6071,2
700,701,GCT/CTA,56.0,55.49,3.5836,1
701,702,TAT/TTA,56.0,51.62,3.5096,1
702,703,AGA/GAG,56.0,56.47,3.6024,3
703,704,GAA/CCG,56.0,57.32,3.6186,2
704,705,GCG/AGG,56.0,56.14,3.5960,2
705,706,CGG/GGG,56.0,56.85,3.6096,2
706,707,CTA/GGG,56.0,58.66,3.6443,2
707,708,CGA/CCT,56.0,55.23,3.5787,1
708,709,AGG/GGC,56.0,56.65,3.6057,2
709,710,GTA/CTG,56.0,56.96,3.6117,2
710,711,GGC/CGA,55.9,56.12,3.5956,2
711,712,GGC/CGT,55.9,56.06,3.5944,2
712,713,TGT/AGA,55.9,54.32,3.5613,1
713,714,CGG/GGA,55.9,57.04,3.6133,2
714,715,AGT/TTA,55.9,55.71,3.5879,1
715,716,AGG/CAC,55.9,53.94,3.5540,2
716,717,GAA/AGC,55.9,55.96,3.5925,3
717,718,GAG/TGC,55.9,57.97,3.6311,2
718,719,GCG/CCG,55.9,55.68,3.5872,2
719,720,AGA/CGG,55.9,54.33,3.5615,3
720,721,GTG/CTT,55.9,57.84,3.6285,2
721,722,TGC/ACC,55.9,54.49,3.5646,1
722,723,CAG/CTC,55.9,54.68,3.5682,1
723,724,GAG/CGT,55.9,57.62,3.6244,2
724,725,TAC/GAG,55.8,55.48,3.5834,2
725,726,ATC/TCG,55.8,56.18,3.5968,1
726,727,TTC/AAA,55.8,53.25,3.5408,1
727,728,GCG/AGA,55.8,57.10,3.6144,2
728,729,CAG/GGA,55.8,56.76,3.6079,2
729,730,GCG/GGA,55.8,56.83,3.6093,2
730,731,CCT/GTA,55.8,54.92,3.5727,1
731,732,CTG/GTA,55.8,55.88,3.5911,2
732,733,CGA/GTC,55.8,56.30,3.5990,2
733,734,GCG/ACG,55.8,53.76,3.5505,3
734,735,ACG/TGG,55.8,57.42,3.6205,1
735,736,CTA/GTG,55.8,55.79,3.5893,2
736,737,GGA/AAT,55.8,55.82,3.5900,2
737,738,CCA/GCT,55.8,54.55,3.5655,1
738,739,AAT/TTT,55.8,55.34,3.5806,1
739,740,AGA/TGT,55.8,56.36,3.6003,1
740,741,TAA/AAT,55.8,54.10,3.5570,1
741,742,GGA/CTA,55.7,56.71,3.6069,2
742,743,CGT/GTG,55.7,54.90,3.5724,2
743,744,GTT/CGT,55.7,56.62,3.6053,2
744,745,TGC/AAA,55.7,52.94,3.5348,2
745,746,AGT/CCA,55.7,52.72,3.5307,1
746,747,AGC/TCA,55.7,55.67,3.5871,1
747,748,CGA/GTA,55.7,56.87,3.6100,2
748,749,GGA/GCC,55.7,53.63,3.5480,2
749,750,GTG/GCC,55.7,54.01,3.5553,2
750,751,ATG/ATC,55.7,56.09,3.5950,2
751,752,GTG/GTC,55.7,53.74,3.5501,2
752,753,ACG/TTC,55.7,56.39,3.6008,1
753,754,CCG/GAG,55.7,56.31,3.5993,2
754,755,TGT/GCG,55.7,56.33,3.5997,2
755,756,TAA/ATG,55.7,54.49,3.5644,1
756,757,ATA/TCT,55.7,54.24,3.5598,1
757,758,TCG/GGT,55.7,56.15,3.5963,2
758,759,GAG/GCC,55.7,56.69,3.6065,2
759,760,AGG/CTC,55.7,55.79,3.5894,2
760,761,TAT/AAA,55.6,52.98,3.5357,1
761,762,CCT/GAA,55.6,55.46,3.5830,1
762,763,GTT/CCA,55.6,56.25,3.5982,1
763,764,GGG/GCA,55.6,56.72,3.6072,2
764,765,AAT/GTA,55.6,52.80,3.5321,1
765,766,GAG/GAC,55.6,55.79,3.5894,2
766,767,TAG/TAC,55.6,56.09,3.5950,2
767,768,GCG/ACC,55.6,56.88,3.6101,2
768,769,TCG/ACC,55.6,54.68,3.5682,1
769,770,GTG/TCC,55.6,54.31,3.5610,2
770,771,GTG/TTC,55.6,54.13,3.5577,2
771,772,AGC/GAG,55.6,55.51,3.5840,2
772,773,AGA/AGG,55.6,55.47,3.5832,3
773,774,GCG/GGG,55.6,55.86,3.5907,2
774,775,GAA/AAT,55.6,55.28,3.5797,2
775,776,CAT/GAT,55.6,55.87,3.5910,2
776,777,CAT/GGT,55.6,55.78,3.5892,2
777,778,GCG/TGT,55.6,55.28,3.5795,2
778,779,GTA/CTA,55.6,56.12,3.5956,2
779,780,GAG/TCC,55.6,56.87,3.6100,2
780,781,TCT/GGG,55.6,55.67,3.5871,2
781,782,CTG/GTT,55.6,56.30,3.5990,2
782,783,CCT/AGA,55.6,53.97,3.5546,1
783,784,TGC/TAG,55.6,55.20,3.5780,2
784,785,TGG/TCT,55.6,55.28,3.5795,2
785,786,GGA/AAA,55.5,55.49,3.5836,3
786,787,GGA/AGA,55.5,54.85,3.5714,3
787,788,GGA/CGA,55.5,56.49,3.6026,2
788,789,CCA/AGG,55.5,53.14,3.5386,2
789,790,TGA/GTT,55.5,53.61,3.5477,2
790,791,ATC/AGG,55.5,55.30,3.5799,2
791,792,AGC/GTG,55.5,55.52,3.5841,2
792,793,AAA/ATT,55.5,52.79,3.5320,1
793,794,TGA/AAA,55.5,53.76,3.5505,2
794,795,TGT/AAA,55.5,54.49,3.5644,1
795,796,AGG/AAC,55.5,55.34,3.5808,2
796,797,CTG/CAC,55.5,55.29,3.5798,1
797,798,CGC/GAC,55.5,56.86,3.6097,2
798,799,GCG/GAC,55.5,55.74,3.5883,2
799,800,GTG/ACC,55.5,56.22,3.5975,2
800,801,TGT/ACC,55.5,55.59,3.5855,1
801,802,GGA/CGC,55.5,57.43,3.6208,2
802,803,GCG/ATC,55.5,56.76,3.6079,2
803,804,GCG/CTG,55.5,55.91,3.5917,2
804,805,GGG/GCT,55.5,56.12,3.5956,2
805,806,TTA/ACT,55.5,52.78,3.5317,1
806,807,TTA/ATT,55.5,53.97,3.5546,1
807,808,ATT/TAT,55.4,54.24,3.5598,1
808,809,GAG/AAG,55.4,55.45,3.5829,3
809,810,GAG/CCG,55.4,56.46,3.6022,2
810,811,GTG/CCT,55.4,55.14,3.5769,2
811,812,AAA/CTT,55.4,52.21,3.5209,1
812,813,GAA/CGA,55.4,56.28,3.5986,2
813,814,GAC/CGA,55.4,54.45,3.5637,2
814,815,CTA/GGA,55.4,56.51,3.6032,2
815,816,TCG/GGA,55.4,56.02,3.5937,2
816,817,ACG/TGA,55.4,58.03,3.6321,1
817,818,CGA/GAC,55.4,58.31,3.6374,2
818,819,TCG/GAC,55.4,55.79,3.5894,2
819,820,GCG/TAC,55.4,55.17,3.5774,2
820,821,TAG/GCC,55.4,56.03,3.5939,2
821,822,CAG/CGC,55.4,56.88,3.6101,2
822,823,CGC/GGC,55.4,55.14,3.5769,2
823,824,GAC/CTC,55.4,58.13,3.6341,1
824,825,CAG/GAG,55.4,55.22,3.5784,2
825,826,CCT/GAG,55.4,55.71,3.5878,2
826,827,GGG/GCG,55.4,56.29,3.5989,2
827,828,GGA/TAT,55.4,53.90,3.5532,2
828,829,CCA/CGT,55.4,54.21,3.5591,1
829,830,GGT/CGT,55.4,56.89,3.6104,2
830,831,TAA/ATA,55.4,52.98,3.5357,1
831,832,GGC/CAC,55.4,55.67,3.5871,2
832,833,CGG/CGC,55.4,55.53,3.5844,2
833,834,GAG/CAT,55.4,56.62,3.6053,2
834,835,AGG/AGC,55.3,55.79,3.5894,2
835,836,TCC/ACG,55.3,54.49,3.5646,1
836,837,TAT/ATT,55.3,53.26,3.5411,1
837,838,TTT/GAA,55.3,53.31,3.5419,1
838,839,TGA/GCG,55.3,56.26,3.5983,2
839,840,TGG/AAA,55.3,53.38,3.5432,2
840,841,ATA/TAA,55.3,54.36,3.5620,1
841,842,GTG/CCA,55.3,55.93,3.5919,2
842,843,CAT/GCA,55.3,54.49,3.5646,1
843,844,CTA/GTA,55.3,56.41,3.6013,2
844,845,ACG/TAC,55.3,56.17,3.5967,1
845,846,CGA/AGC,55.3,53.08,3.5375,3
846,847,TAG/CGC,55.3,56.76,3.6079,2
847,848,GGA/CTC,55.3,56.38,3.6006,2
848,849,CGT/GTC,55.3,55.26,3.5791,2
849,850,TTG/TTC,55.3,55.48,3.5834,2
850,851,GGT/AAG,55.3,54.97,3.5737,3
851,852,GAC/GAG,55.3,54.69,3.5683,2
852,853,GCG/GCG,55.3,55.17,3.5774,3
853,854,ATC/ATG,55.3,54.41,3.5629,2
854,855,GGG/AGT,55.3,55.63,3.5862,3
855,856,GGT/AGT,55.3,54.35,3.5619,3
856,857,GAC/CGT,55.3,55.50,3.5837,2
857,858,TAA/CTT,55.3,51.66,3.5103,1
858,859,TCT/CGA,55.3,53.04,3.5367,1
859,860,CTG/AGC,55.3,56.87,3.6100,2
860,861,TGG/CTC,55.3,55.17,3.5776,2
861,862,TAC/TAG,55.3,55.04,3.5751,2
862,863,AGG/GCG,55.3,56.65,3.6057,2
863,864,AGT/GCG,55.3,55.98,3.5931,2
864,865,TGA/AGG,55.3,54.22,3.5594,2
865,866,TGC/CGG,55.3,54.88,3.5720,2
866,867,CGC/GAT,55.3,57.45,3.6211,2
867,868,GTA/ATT,55.3,54.79,3.5702,2
868,869,TTT/AGA,55.2,53.99,3.5549,1
869,870,TCC/AGC,55.2,54.68,3.5682,1
870,871,ATC/CAG,55.2,56.17,3.5967,1
871,872,TGA/TAG,55.2,55.22,3.5784,3
872,873,GTG/CTG,55.2,55.20,3.5781,2
873,874,CCT/GTG,55.2,53.21,3.5399,2
874,875,CGT/GTT,55.2,55.90,3.5914,2
875,876,GAC/AAA,55.2,53.61,3.5477,3
876,877,CAG/GAA,55.2,56.66,3.6060,2
877,878,AGG/TAA,55.2,54.93,3.5728,2
878,879,TGT/CCA,55.2,52.57,3.5278,1
879,880,AAG/GAC,55.2,55.34,3.5808,2
880,881,GGA/TCC,55.2,54.35,3.5619,2
881,882,GGC/CGC,55.2,57.18,3.6159,2
882,883,GGT/CGC,55.2,56.72,3.6071,2
883,884,CAC/GTC,55.2,56.60,3.6049,1
884,885,TAA/ACG,55.2,52.94,3.5348,2
885,886,GGG/AGG,55.2,54.78,3.5700,3
886,887,ACA/GGG,55.2,55.39,3.5818,2
887,888,GGA/TTT,55.2,53.90,3.5532,2
888,889,TGG/ATG,55.2,54.06,3.5563,2
889,890,TTT/AAT,55.2,53.97,3.5546,1
890,891,TTC/CAG,55.1,56.39,3.6008,1
891,892,GTC/AAA,55.1,53.14,3.5386,2
892,893,GTC/CGA,55.1,56.09,3.5950,2
893,894,GGT/ACC,55.1,52.96,3.5353,2
894,895,AGG/CGC,55.1,55.74,3.5883,2
895,896,AAA/TAT,55.1,55.07,3.5756,1
896,897,CGC/AGG,55.1,56.06,3.5944,2
897,898,GAA/AAA,55.1,54.71,3.5686,3
898,899,TTT/TAA,55.1,53.10,3.5379,1
899,900,AGT/TGA,55.1,56.70,3.6067,1
900,901,CGG/CAC,55.1,52.32,3.5229,2
901,902,GGA/ACC,55.1,54.00,3.5551,2
902,903,GGT/GCG,55.1,55.63,3.5862,2
903,904,CCG/AGG,55.1,52.88,3.5337,2
904,905,GCC/ATG,55.1,56.09,3.5951,2
905,906,ATA/AAT,55.1,51.98,3.5164,1
906,907,GAC/AGT,55.1,55.26,3.5793,3
907,908,GGA/ATT,55.1,55.90,3.5914,2
908,909,CAA/TTT,55.1,51.74,3.5120,1
909,910,TGG/AAG,55.1,54.22,3.5594,2
910,911,GGA/ATA,55.0,54.08,3.5565,3
911,912,GGT/TTA,55.0,52.98,3.5355,2
912,913,AGA/AAG,55.0,54.90,3.5723,3
913,914,AGG/TAG,55.0,55.55,3.5848,2
914,915,AGT/TAG,55.0,54.28,3.5605,2
915,916,CTC/AGG,55.0,55.54,3.5846,2
916,917,TCA/GGG,55.0,55.28,3.5795,2
917,918,ACC/TTG,55.0,56.86,3.6097,1
918,919,GTC/TTG,55.0,54.16,3.5581,2
919,920,GTA/GGT,55.0,53.96,3.5543,2
920,921,CGG/ATC,55.0,56.03,3.5939,2
921,922,AGA/CTG,55.0,54.03,3.5557,3
922,923,AGG/ACG,55.0,54.16,3.5582,2
923,924,AGG/ACA,55.0,54.61,3.5668,2
924,925,CGT/CCA,55.0,52.29,3.5224,1
925,926,CTC/GAC,55.0,56.10,3.5953,1
926,927,GCG/GCC,55.0,55.53,3.5844,2
927,928,GTA/CGC,55.0,55.52,3.5841,2
928,929,GAA/CAG,55.0,57.50,3.6220,2
929,930,TGT/AGG,55.0,54.06,3.5563,2
930,931,AGC/CGG,55.0,55.09,3.5760,2
931,932,ATC/GTG,55.0,55.61,3.5859,2
932,933,GCG/AAT,55.0,54.06,3.5563,3
933,934,ATC/TAT,55.0,53.06,3.5371,1
934,935,CAC/GGT,55.0,54.37,3.5622,2
935,936,CTT/GGT,55.0,56.15,3.5963,2
936,937,AAC/TTT,55.0,54.23,3.5595,1
937,938,TTA/AAC,55.0,53.25,3.5408,1
938,939,GTA/AAA,55.0,53.99,3.5549,2
939,940,TCC/GAG,55.0,55.09,3.5759,2
940,941,GTT/CTG,55.0,54.93,3.5728,2
941,942,AGC/TCT,55.0,54.81,3.5706,1
942,943,GAT/CGT,54.9,56.49,3.6026,2
943,944,GGA/ACA,54.9,54.15,3.5580,2
944,945,ACG/GGA,54.9,56.14,3.5960,2
945,946,AAT/ATA,54.9,50.87,3.4953,1
946,947,TAT/CTA,54.9,49.69,3.4726,1
947,948,AAG/GCC,54.9,54.34,3.5616,2
948,949,GGT/GCC,54.9,52.58,3.5279,2
949,950,TGT/AAG,54.9,53.74,3.5502,2
950,951,GCC/TAG,54.9,54.45,3.5637,2
951,952,GCT/ACG,54.9,51.75,3.5121,3
952,953,GTA/CCG,54.9,55.90,3.5914,2
953,954,ACG/GGG,54.9,55.16,3.5773,2
954,955,GTC/TGG,54.9,53.96,3.5543,2
955,956,CTG/GTG,54.9,53.03,3.5365,2
956,957,GCG/CAT,54.9,54.93,3.5730,2
957,958,TAA/ACT,54.9,53.25,3.5408,1
958,959,GCG/CCT,54.9,54.96,3.5735,2
959,960,CCG/GCT,54.9,55.68,3.5872,2
960,961,TAC/ATA,54.9,51.83,3.5137,1
961,962,CGC/CGG,54.9,55.99,3.5932,2
962,963,GAT/ATG,54.9,54.71,3.5688,2
963,964,TGA/GAT,54.9,53.36,3.5429,2
964,965,GTT/AAG,54.8,55.00,3.5742,2
965,966,GTT/AGG,54.8,54.22,3.5594,3
966,967,CCG/GTG,54.8,54.39,3.5626,2
967,968,GTC/GTG,54.8,54.24,3.5598,2
968,969,TTC/GTG,54.8,56.21,3.5974,2
969,970,GCT/AAA,54.8,54.33,3.5615,2
970,971,GCT/CCA,54.8,54.26,3.5601,1
971,972,ACT/CGA,54.8,52.04,3.5177,1
972,973,TTT/ATA,54.8,53.26,3.5411,1
973,974,CGG/AAC,54.8,54.35,3.5617,2
974,975,CGG/TAC,54.8,54.16,3.5581,2
975,976,CGT/AGC,54.8,52.41,3.5246,3
976,977,GAC/AGC,54.8,54.96,3.5735,3
977,978,AAT/TTC,54.8,54.24,3.5596,1
978,979,GAA/TAG,54.8,54.00,3.5551,3
979,980,GAT/CCG,54.8,54.67,3.5679,2
980,981,TGG/TCG,54.8,55.46,3.5830,2
981,982,GGT/ATG,54.8,53.78,3.5509,3
982,983,GCT/CTG,54.8,53.91,3.5535,2
983,984,TTA/CAT,54.8,50.81,3.4941,1
984,985,GCT/GGT,54.8,54.99,3.5741,2
985,986,TGG/CGC,54.8,55.89,3.5912,2
986,987,TGG/AAT,54.8,54.35,3.5619,2
987,988,TGC/CTG,54.8,54.30,3.5609,2
988,989,GGC/ATA,54.7,52.66,3.5295,3
989,990,GGC/CTA,54.7,55.29,3.5798,2
990,991,GTT/AAT,54.7,53.86,3.5525,2
991,992,GTA/ACT,54.7,53.70,3.5494,2
992,993,CTG/GCT,54.7,54.94,3.5731,2
993,994,AAA/TCT,54.7,54.30,3.5608,1
994,995,GTC/CGT,54.7,55.77,3.5889,2
995,996,TAC/CGG,54.7,54.53,3.5653,2
996,997,GAA/CAA,54.7,55.72,3.5880,2
997,998,CAG/GCA,54.7,56.35,3.6001,2
998,999,CAC/GGA,54.7,53.60,3.5474,2
999,1000,CGC/GTA,54.7,55.22,3.5784,2
1000,1001,AAA/TTA,54.7,55.07,3.5756,1
1001,1002,TAG/TCC,54.7,55.45,3.5829,2
1002,1003,ATG/CGC,54.7,55.17,3.5774,2
1003,1004,CGA/CGC,54.7,54.35,3.5617,3
1004,1005,GTA/ATC,54.7,53.96,3.5544,3
1005,1006,GCC/GAG,54.7,55.16,3.5773,2
1006,1007,GTG/CCG,54.7,54.87,3.5717,2
1007,1008,GGA/TCG,54.7,56.26,3.5983,2
1008,1009,GTG/AGG,54.7,53.99,3.5550,3
1009,1010,CCA/TGT,54.7,52.98,3.5355,1
1010,1011,TCA/ATT,54.7,52.78,3.5317,1
1011,1012,GAG/AAT,54.7,55.40,3.5819,3
1012,1013,GAT/CAT,54.7,56.27,3.5985,2
1013,1014,GCA/AGA,54.7,54.57,3.5661,2
1014,1015,GAT/GGA,54.7,53.94,3.5540,2
1015,1016,AGT/ACG,54.7,53.48,3.5451,2
1016,1017,GAC/TCG,54.7,54.68,3.5681,2
1017,1018,CCG/GAT,54.7,55.81,3.5897,2
1018,1019,GTG/AGT,54.7,54.47,3.5641,3
1019,1020,CGT/GGT,54.7,55.85,3.5904,2
1020,1021,GGT/CTT,54.7,55.77,3.5890,2
1021,1022,CCC/CAT,54.6,54.85,3.5713,3
1022,1023,TAA/AAG,54.6,53.76,3.5505,2
1023,1024,TTG/AGT,54.6,53.09,3.5377,2
1024,1025,GGA/GTT,54.6,53.39,3.5434,2
1025,1026,ATT/AAA,54.6,51.98,3.5164,1
1026,1027,GAG/AAA,54.6,55.80,3.5896,3
1027,1028,AAT/TAA,54.6,53.99,3.5549,1
1028,1029,GGT/TAA,54.6,52.73,3.5309,2
1029,1030,GGC/ACA,54.6,53.05,3.5370,2
1030,1031,GTT/AGA,54.6,54.46,3.5639,2
1031,1032,CAA/GGA,54.6,55.47,3.5833,2
1032,1033,CTC/GGA,54.6,55.90,3.5914,2
1033,1034,GAG/ATA,54.6,54.57,3.5660,2
1034,1035,GTG/CTA,54.6,57.04,3.6132,2
1035,1036,GGC/GCC,54.6,51.40,3.5054,2
1036,1037,TTG/GCC,54.6,53.82,3.5518,2
1037,1038,GGA/AGC,54.6,55.84,3.5903,3
1038,1039,GCG/GTC,54.6,55.89,3.5912,2
1039,1040,AGA/ACG,54.6,53.41,3.5439,2
1040,1041,AGA/CCG,54.6,52.73,3.5309,2
1041,1042,GCT/CCG,54.6,54.01,3.5553,2
1042,1043,CAG/GCG,54.6,55.55,3.5848,2
1043,1044,CCG/GCG,54.6,56.14,3.5961,2
1044,1045,GCC/GCG,54.6,53.68,3.5489,2
1045,1046,GCT/TGG,54.6,54.79,3.5702,2
1046,1047,GAT/TTG,54.6,54.84,3.5711,2
1047,1048,GGT/AAT,54.6,53.86,3.5525,3
1048,1049,GTT/CGC,54.6,55.38,3.5815,2
1049,1050,GTT/TAG,54.6,54.65,3.5675,2
1050,1051,GTG/ACT,54.6,54.44,3.5636,3
1051,1052,AGG/CCT,54.6,53.31,3.5419,2
1052,1053,TGG/ATA,54.6,52.90,3.5340,2
1053,1054,TAC/ATT,54.6,52.09,3.5187,1
1054,1055,GTA/ATA,54.5,53.77,3.5506,3
1055,1056,TAA/AGG,54.5,53.38,3.5432,2
1056,1057,GGC/CAT,54.5,56.06,3.5944,2
1057,1058,TTG/TCC,54.5,54.47,3.5641,2
1058,1059,CGC/TTG,54.5,52.93,3.5347,2
1059,1060,ACT/TGT,54.5,56.57,3.6043,1
1060,1061,GTG/AAT,54.5,55.00,3.5742,2
1061,1062,GTG/TAT,54.5,54.65,3.5675,2
1062,1063,AAA/TGT,54.5,56.51,3.6032,1
1063,1064,GGT/ATT,54.5,53.15,3.5389,3
1064,1065,CCG/GAA,54.5,55.62,3.5861,2
1065,1066,GAC/ATA,54.5,51.77,3.5124,2
1066,1067,GTT/ATA,54.5,54.22,3.5594,2
1067,1068,ATT/TTA,54.5,54.64,3.5674,1
1068,1069,AAG/AAC,54.5,54.86,3.5716,2
1069,1070,CGC/AGC,54.5,53.33,3.5423,3
1070,1071,GTG/TGC,54.5,54.03,3.5557,2
1071,1072,TAG/TGC,54.5,56.84,3.6094,2
1072,1073,GAA/GAG,54.5,53.43,3.5443,3
1073,1074,TCG/GGG,54.5,55.04,3.5751,2
1074,1075,GCT/AGT,54.5,55.27,3.5794,2
1075,1076,GAA/GGT,54.5,54.65,3.5675,2
1076,1077,GTA/AGA,54.4,53.59,3.5473,3
1077,1078,ACT/GGG,54.4,55.79,3.5893,2
1078,1079,AGC/ATG,54.4,55.47,3.5832,2
1079,1080,CGC/ATG,54.4,54.78,3.5700,2
1080,1081,CCT/GAT,54.4,54.68,3.5682,2
1081,1082,GTT/CTT,54.4,54.93,3.5730,2
1082,1083,GTA/TTT,54.4,51.95,3.5160,2
1083,1084,TTC/AAT,54.4,52.78,3.5317,1
1084,1085,GCG/CAA,54.4,54.53,3.5653,2
1085,1086,CAA/GAA,54.4,55.28,3.5795,2
1086,1087,ACT/AGA,54.4,52.41,3.5248,1
1087,1088,GCC/AGA,54.4,53.42,3.5440,2
1088,1089,CGA/GGA,54.4,55.61,3.5859,2
1089,1090,TAG/GTA,54.4,54.21,3.5591,2
1090,1091,TGT/GTA,54.4,52.67,3.5296,2
1091,1092,GAG/TTA,54.4,54.69,3.5683,2
1092,1093,TGA/AAC,54.4,52.42,3.5249,2
1093,1094,ATG/GCC,54.4,54.16,3.5581,2
1094,1095,GCG/TCC,54.4,55.61,3.5859,2
1095,1096,GGT/CTC,54.4,55.17,3.5776,2
1096,1097,GCG/AAG,54.4,53.49,3.5453,3
1097,1098,GCA/CAG,54.4,55.87,3.5910,2
1098,1099,GTA/TAG,54.4,54.63,3.5671,2
1099,1100,AGA/GCG,54.4,55.92,3.5918,2
1100,1101,GTC/GCG,54.4,53.96,3.5543,2
1101,1102,GAG/ATG,54.4,54.26,3.5601,2
1102,1103,CTT/GTG,54.4,53.30,3.5418,2
1103,1104,ATA/CAT,54.4,50.59,3.4898,1
1104,1105,TAA/GGT,54.4,54.64,3.5674,2
1105,1106,CAA/ATT,54.4,51.59,3.5090,1
1106,1107,TTA/AGG,54.4,54.35,3.5619,2
1107,1108,GCA/AAA,54.4,53.52,3.5458,3
1108,1109,GAC/GCG,54.4,53.99,3.5550,2
1109,1110,TCA/AAT,54.4,53.25,3.5408,1
1110,1111,AAA/AGT,54.4,53.34,3.5425,2
1111,1112,CGC/GGT,54.4,55.60,3.5857,2
1112,1113,TGA/ATG,54.3,53.74,3.5502,2
1113,1114,TAT/AGG,54.3,52.89,3.5338,2
1114,1115,CAG/TCC,54.3,54.41,3.5630,2
1115,1116,GAA/ATA,54.3,52.92,3.5344,2
1116,1117,GCG/CTA,54.3,55.15,3.5772,2
1117,1118,AAC/TTA,54.3,53.98,3.5547,1
1118,1119,TAG/CAC,54.3,52.91,3.5343,2
1119,1120,GGT/TCC,54.3,53.32,3.5422,2
1120,1121,TTG/CGC,54.3,55.03,3.5748,2
1121,1122,CAA/GGC,54.3,54.57,3.5661,2
1122,1123,TAT/ATC,54.3,52.11,3.5190,1
1123,1124,TCG/GTC,54.3,55.17,3.5776,2
1124,1125,AAC/AAG,54.3,53.85,3.5522,2
1125,1126,CGA/AAG,54.3,54.54,3.5654,3
1126,1127,CCA/GCG,54.3,56.04,3.5942,2
1127,1128,GGA/GCG,54.3,55.56,3.5850,2
1128,1129,TAG/AGG,54.3,51.28,3.5031,2
1129,1130,GCA/TGG,54.3,54.39,3.5626,2
1130,1131,GAG/TTG,54.3,54.39,3.5626,2
1131,1132,GGT/TCT,54.3,53.76,3.5505,2
1132,1133,CTT/GTT,54.3,55.42,3.5822,2
1133,1134,TCT/ATA,54.3,52.11,3.5190,1
1134,1135,GCA/CAA,54.3,54.44,3.5636,2
1135,1136,CGC/CTG,54.3,54.59,3.5664,2
1136,1137,GGA/TCA,54.3,54.50,3.5647,2
1137,1138,GAT/AAT,54.3,54.63,3.5671,3
1138,1139,AGA/GTT,54.3,52.52,3.5268,2
1139,1140,TTG/AGA,54.2,51.97,3.5163,2
1140,1141,TTG/CTC,54.2,54.40,3.5627,2
1141,1142,GTA/CCA,54.2,53.79,3.5511,2
1142,1143,TTT/AGG,54.2,52.77,3.5316,2
1143,1144,CTC/GGT,54.2,55.15,3.5770,2
1144,1145,GAC/CAA,54.2,54.68,3.5682,2
1145,1146,AGA/TAA,54.2,54.91,3.5725,2
1146,1147,CGC/GGA,54.2,55.26,3.5791,2
1147,1148,TTA/ATA,54.2,52.10,3.5188,2
1148,1149,CAA/GAC,54.2,54.87,3.5718,2
1149,1150,CGC/CGC,54.2,54.14,3.5578,3
1150,1151,GTC/CGC,54.2,55.45,3.5829,2
1151,1152,CGC/GTC,54.2,55.04,3.5751,2
1152,1153,TAC/TGG,54.2,53.60,3.5474,2
1153,1154,TGC/TGG,54.2,53.25,3.5408,2
1154,1155,CAC/GAT,54.2,52.92,3.5345,2
1155,1156,GGA/GAT,54.2,53.07,3.5372,2
1156,1157,GGT/ACT,54.2,53.40,3.5437,2
1157,1158,ATA/GGT,54.2,53.02,3.5364,2
1158,1159,TGG/CCA,54.2,53.80,3.5513,2
1159,1160,TGC/CGA,54.2,51.52,3.5077,3
1160,1161,GGC/TCA,54.2,53.40,3.5437,2
1161,1162,CTG/ATC,54.1,55.45,3.5829,2
1162,1163,GTT/GAG,54.1,54.03,3.5557,2
1163,1164,GTG/GAT,54.1,54.03,3.5557,2
1164,1165,AGG/TAT,54.1,54.89,3.5721,2
1165,1166,AGG/ACT,54.1,53.98,3.5547,2
1166,1167,CCT/GTT,54.1,53.81,3.5515,2
1167,1168,TAA/ATC,54.1,52.17,3.5201,1
1168,1169,CTG/GCA,54.1,55.66,3.5868,2
1169,1170,TCT/TGA,54.1,51.86,3.5143,1
1170,1171,GAA/CAC,54.1,55.99,3.5932,2
1171,1172,ATT/TAC,54.1,53.06,3.5371,1
1172,1173,TCG/TAC,54.1,54.94,3.5731,2
1173,1174,AAG/ACC,54.1,53.93,3.5537,2
1174,1175,GAC/CGC,54.1,54.07,3.5564,2
1175,1176,CGG/CTC,54.1,54.98,3.5739,2
1176,1177,CGG/TTC,54.1,53.82,3.5518,2
1177,1178,GTG/ACG,54.1,52.48,3.5261,3
1178,1179,CAT/GCG,54.1,53.88,3.5529,2
1179,1180,GTC/TCG,54.1,53.52,3.5458,2
1180,1181,TGT/TCG,54.1,54.79,3.5702,2
1181,1182,AGC/AGG,54.1,55.17,3.5774,2
1182,1183,CCT/AGG,54.1,53.54,3.5463,2
1183,1184,GCC/GTG,54.1,54.29,3.5606,2
1184,1185,AGA/GAT,54.1,52.78,3.5319,2
1185,1186,CAT/GCT,54.1,53.84,3.5520,2
1186,1187,CAA/CTT,54.1,50.62,3.4906,1
1187,1188,TGA/GCA,54.1,54.50,3.5647,2
1188,1189,TGG/AGT,54.1,52.84,3.5329,2
1189,1190,TAC/GCG,54.1,53.81,3.5515,2
1190,1191,GGT/GTA,54.0,52.51,3.5266,2
1191,1192,AGC/CTG,54.0,54.55,3.5655,2
1192,1193,CGG/CCT,54.0,52.88,3.5337,2
1193,1194,GTT/AGT,54.0,52.97,3.5354,3
1194,1195,AAA/CGT,54.0,52.98,3.5355,2
1195,1196,AAA/GGT,54.0,53.39,3.5434,2
1196,1197,ACA/TTT,54.0,54.23,3.5595,1
1197,1198,AGG/TTT,54.0,53.30,3.5418,2
1198,1199,TAG/AGT,54.0,51.97,3.5163,2
1199,1200,GCG/AAA,54.0,55.23,3.5787,3
1200,1201,TAG/AAA,54.0,51.48,3.5069,2
1201,1202,TCT/AAA,54.0,52.17,3.5201,1
1202,1203,CAC/GAA,54.0,53.54,3.5463,2
1203,1204,TAT/ACA,54.0,51.83,3.5137,1
1204,1205,CCG/GTA,54.0,54.78,3.5700,2
1205,1206,CTC/GTA,54.0,54.89,3.5721,2
1206,1207,TTT/AAC,54.0,52.78,3.5317,1
1207,1208,ATA/TAC,54.0,53.52,3.5460,1
1208,1209,GGT/AGC,54.0,54.34,3.5616,3
1209,1210,CTA/GGC,54.0,55.33,3.5805,2
1210,1211,AAA/TTC,54.0,54.30,3.5608,1
1211,1212,GTG/AAG,54.0,53.87,3.5526,2
1212,1213,GAT/CAG,54.0,56.43,3.6017,2
1213,1214,GTG/TAG,54.0,53.52,3.5460,2
1214,1215,GCT/GCG,54.0,53.20,3.5398,3
1215,1216,GCA/TCG,54.0,52.67,3.5296,3
1216,1217,AAA/CGG,54.0,53.23,3.5403,3
1217,1218,CAC/CGG,54.0,54.85,3.5714,2
1218,1219,CCA/CGG,54.0,51.20,3.5016,2
1219,1220,ATG/GAT,54.0,53.80,3.5513,2
1220,1221,CTA/TAT,54.0,51.00,3.4977,1
1221,1222,GAT/ATT,54.0,53.19,3.5396,2
1222,1223,TGG/ATT,54.0,52.77,3.5316,2
1223,1224,TTG/ATA,54.0,51.44,3.5061,2
1224,1225,CAG/ACC,54.0,55.17,3.5776,2
1225,1226,ATT/GAG,54.0,53.80,3.5513,2
1226,1227,TGG/GAG,54.0,54.04,3.5558,3
1227,1228,GGC/AGT,54.0,53.82,3.5516,3
1228,1229,GAT/TAA,54.0,52.24,3.5214,2
1229,1230,GTA/ACA,54.0,51.89,3.5147,3
1230,1231,GCA/GGA,54.0,54.30,3.5608,2
1231,1232,GGT/AAC,54.0,52.91,3.5343,3
1232,1233,GCA/CAC,54.0,54.32,3.5613,2
1233,1234,CTG/CGC,54.0,55.61,3.5859,2
1234,1235,AGG/CCG,54.0,53.49,3.5454,2
1235,1236,TTG/AGG,54.0,52.84,3.5329,2
1236,1237,CCG/GTT,54.0,54.48,3.5643,2
1237,1238,GGC/ACC,53.9,51.80,3.5131,2
1238,1239,CAA/AGT,53.9,52.95,3.5350,2
1239,1240,CGG/ACA,53.9,53.95,3.5542,2
1240,1241,GAA/CCA,53.9,55.06,3.5755,2
1241,1242,CGC/CGA,53.9,54.10,3.5570,3
1242,1243,AAT/GGA,53.9,52.85,3.5331,2
1243,1244,AAT/TGA,53.9,56.07,3.5947,1
1244,1245,CCA/GAC,53.9,54.86,3.5716,2
1245,1246,TTG/CCC,53.9,53.72,3.5498,2
1246,1247,AGC/TCC,53.9,54.49,3.5646,1
1247,1248,CAC/GGC,53.9,52.96,3.5353,2
1248,1249,CAT/GGC,53.9,53.15,3.5388,2
1249,1250,ATG/CTC,53.9,54.94,3.5731,2
1250,1251,GCG/TTC,53.9,55.03,3.5748,2
1251,1252,AGC/AAG,53.9,54.66,3.5676,2
1252,1253,GCT/AAG,53.9,54.12,3.5574,3
1253,1254,ACC/GAG,53.9,52.83,3.5327,2
1254,1255,AAA/TAG,53.9,55.58,3.5854,2
1255,1256,AAC/ACG,53.9,51.73,3.5117,2
1256,1257,AAA/AGG,53.9,52.98,3.5355,3
1257,1258,ATA/AGG,53.9,52.65,3.5293,3
1258,1259,AGT/TGG,53.9,54.81,3.5706,2
1259,1260,GGG/AAT,53.9,54.68,3.5681,3
1260,1261,GAA/ACT,53.9,54.30,3.5609,2
1261,1262,GGA/TGT,53.9,53.12,3.5382,2
1262,1263,CGC/GTT,53.9,54.15,3.5580,2
1263,1264,CCA/GAA,53.9,55.23,3.5787,2
1264,1265,TGG/CCT,53.9,53.15,3.5389,2
1265,1266,CGC/AAG,53.8,53.68,3.5489,2
1266,1267,AGA/TTG,53.8,54.70,3.5685,2
1267,1268,GAT/CCT,53.8,54.85,3.5713,2
1268,1269,AGA/GGT,53.8,52.98,3.5355,2
1269,1270,TGA/TTT,53.8,52.32,3.5231,2
1270,1271,GGA/AAC,53.8,54.45,3.5637,3
1271,1272,ATT/CAA,53.8,50.59,3.4898,1
1272,1273,ATC/TAA,53.8,53.52,3.5460,1
1273,1274,GCG/CCA,53.8,54.40,3.5627,2
1274,1275,ATT/TCA,53.8,53.59,3.5473,1
1275,1276,CGG/TCA,53.8,53.80,3.5512,2
1276,1277,TAG/AGA,53.8,51.18,3.5011,2
1277,1278,GCT/ATA,53.8,53.12,3.5384,2
1278,1279,AAT/CTA,53.8,50.27,3.4838,1
1279,1280,AAG/CAC,53.8,52.61,3.5286,2
1280,1281,CCT/GAC,53.8,54.17,3.5584,2
1281,1282,CGT/CGC,53.8,53.79,3.5511,3
1282,1283,GAA/CGC,53.8,55.42,3.5822,2
1283,1284,CCA/GTC,53.8,53.91,3.5535,2
1284,1285,AAT/TAG,53.8,53.51,3.5457,2
1285,1286,GAT/TAG,53.8,52.87,3.5334,3
1286,1287,AAA/ACG,53.8,53.69,3.5492,3
1287,1288,GCG/TGG,53.8,54.15,3.5580,2
1288,1289,TCC/GTG,53.8,53.93,3.5537,2
1289,1290,TAA/GAT,53.8,52.56,3.5276,2
1290,1291,TGC/GAA,53.8,53.86,3.5525,3
1291,1292,TGA/GGT,53.8,53.15,3.5388,2
1292,1293,GAT/CAC,53.7,55.36,3.5811,2
1293,1294,TGA/GCC,53.7,54.35,3.5619,2
1294,1295,TCC/TAG,53.7,54.42,3.5631,2
1295,1296,GAG/ACG,53.7,54.02,3.5554,3
1296,1297,AGG/TTG,53.7,54.55,3.5657,2
1297,1298,TGA/ATA,53.7,52.01,3.5171,2
1298,1299,GGG/ATG,53.7,54.52,3.5650,3
1299,1300,TTC/TTG,53.7,53.61,3.5477,2
1300,1301,CTT/TAA,53.7,51.00,3.4977,1
1301,1302,AGG/CCA,53.7,53.95,3.5542,2
1302,1303,GAC/CCA,53.7,53.44,3.5444,2
1303,1304,TGA/TCA,53.7,52.91,3.5343,2
1304,1305,GCG/TGA,53.7,55.15,3.5770,2
1305,1306,AGG/TTA,53.7,53.86,3.5525,2
1306,1307,CAG/AAC,53.7,53.94,3.5539,2
1307,1308,TCG/GCC,53.7,54.98,3.5739,2
1308,1309,ACG/TCC,53.7,55.28,3.5797,1
1309,1310,CTT/GTC,53.7,54.55,3.5657,2
1310,1311,AAA/AAG,53.7,52.90,3.5340,3
1311,1312,CAC/AAG,53.7,53.52,3.5460,2
1312,1313,GGG/AAG,53.7,54.34,3.5616,3
1313,1314,ATA/TTG,53.7,54.61,3.5668,2
1314,1315,GCC/TTG,53.7,53.79,3.5511,2
1315,1316,GAA/GCT,53.7,52.64,3.5290,2
1316,1317,GAA/TCT,53.7,52.34,3.5234,2
1317,1318,TGA/TAT,53.7,51.92,3.5153,2
1318,1319,CTG/TTC,53.7,54.46,3.5640,2
1319,1320,GTT/CCG,53.7,54.08,3.5567,2
1320,1321,ATC/CGG,53.7,53.80,3.5513,2
1321,1322,GCC/AAA,53.6,52.55,3.5273,3
1322,1323,GGG/AAA,53.6,54.85,3.5714,3
1323,1324,GTG/AAA,53.6,54.98,3.5738,2
1324,1325,TTT/CAA,53.6,50.81,3.4941,1
1325,1326,CGG/CCA,53.6,53.53,3.5461,2
1326,1327,CCT/CGA,53.6,52.06,3.5180,1
1327,1328,ATG/ACC,53.6,53.81,3.5515,2
1328,1329,GAT/AGC,53.6,55.06,3.5753,3
1329,1330,GCA/AGC,53.6,54.02,3.5556,2
1330,1331,GGC/AGC,53.6,53.78,3.5509,3
1331,1332,GAT/CGC,53.6,54.29,3.5606,2
1332,1333,GTA/CTC,53.6,54.30,3.5608,2
1333,1334,ACG/GTC,53.6,54.31,3.5610,2
1334,1335,GTA/GAG,53.6,54.01,3.5553,2
1335,1336,CAC/TAG,53.6,53.74,3.5502,2
1336,1337,CAC/ACG,53.6,53.26,3.5411,2
1337,1338,GAT/ACG,53.6,53.15,3.5389,3
1338,1339,GAA/TTG,53.6,54.55,3.5655,2
1339,1340,GAA/TAT,53.6,52.90,3.5341,2
1340,1341,GAC/CCT,53.6,53.49,3.5453,2
1341,1342,GAT/ACA,53.6,52.44,3.5253,2
1342,1343,TGC/GCA,53.6,53.40,3.5437,2
1343,1344,GGC/AAC,53.6,52.86,3.5333,3
1344,1345,CGC/TAG,53.6,53.75,3.5504,2
1345,1346,TGG/CCG,53.6,53.34,3.5425,2
1346,1347,GTT/ATG,53.6,52.92,3.5344,3
1347,1348,TAG/GTG,53.6,53.90,3.5532,2
1348,1349,TAT/GTG,53.6,54.36,3.5620,2
1349,1350,CCG/AGT,53.6,54.04,3.5558,2
1350,1351,CGC/CGT,53.6,53.60,3.5475,3
1351,1352,GTG/ATT,53.6,53.60,3.5474,3
1352,1353,CTC/GTT,53.6,54.22,3.5594,2
1353,1354,GAG/TTT,53.6,54.05,3.5560,2
1354,1355,TCA/AAG,53.6,52.42,3.5249,2
1355,1356,GGA/GGT,53.5,52.89,3.5338,2
1356,1357,GCA/CTA,53.5,54.18,3.5585,2
1357,1358,TGA/GAC,53.5,53.31,3.5419,3
1358,1359,GTA/CCC,53.5,54.13,3.5577,2
1359,1360,GTT/CTC,53.5,53.90,3.5532,2
1360,1361,TTA/GGT,53.5,53.18,3.5395,2
1361,1362,AGA/CTT,53.5,52.54,3.5272,2
1362,1363,TTT/ACA,53.5,52.09,3.5187,1
1363,1364,CCG/GCA,53.5,54.75,3.5695,2
1364,1365,CCT/GCA,53.5,52.87,3.5334,1
1365,1366,AAT/TCA,53.5,52.92,3.5345,1
1366,1367,ACA/TGA,53.5,55.89,3.5912,1
1367,1368,CAT/GAC,53.5,53.85,3.5523,2
1368,1369,TGT/GAG,53.5,53.32,3.5422,3
1369,1370,AAC/GCG,53.5,51.86,3.5143,2
1370,1371,TGA/TCG,53.5,54.72,3.5689,2
1371,1372,ATC/CTG,53.5,52.68,3.5299,2
1372,1373,TGC/CGT,53.5,51.10,3.4997,3
1373,1374,GCG/CTT,53.5,55.17,3.5776,2
1374,1375,CCA/GTA,53.5,54.31,3.5610,2
1375,1376,GTA/AAC,53.4,53.14,3.5386,2
1376,1377,TAA/GAG,53.4,53.53,3.5461,3
1377,1378,ATC/ACG,53.4,52.24,3.5215,2
1378,1379,GTA/TCT,53.4,51.33,3.5040,2
1379,1380,GGC/CTT,53.4,54.06,3.5563,2
1380,1381,GTA/GTT,53.4,51.91,3.5151,2
1381,1382,CGG/CCG,53.4,53.07,3.5372,2
1382,1383,AGA/ATG,53.4,52.91,3.5343,3
1383,1384,CAT/TTA,53.4,49.78,3.4743,1
1384,1385,CTT/AAA,53.4,51.52,3.5077,1
1385,1386,CAC/GCA,53.4,52.61,3.5286,2
1386,1387,GGG/AGA,53.4,55.34,3.5808,3
1387,1388,ACG/GAC,53.4,53.94,3.5540,2
1388,1389,CAG/TAC,53.4,53.82,3.5516,2
1389,1390,CTG/ACC,53.4,54.41,3.5630,2
1390,1391,GGC/TCC,53.4,52.17,3.5201,2
1391,1392,GGC/CTC,53.4,55.71,3.5878,2
1392,1393,CTA/GTC,53.4,55.19,3.5779,2
1393,1394,TTA/ATG,53.4,53.09,3.5378,2
1394,1395,CTA/AAT,53.4,51.52,3.5077,1
1395,1396,TGT/AAT,53.4,53.09,3.5378,2
1396,1397,GCT/CAT,53.4,53.82,3.5516,2
1397,1398,CAC/GCT,53.4,52.38,3.5242,2
1398,1399,ATA/AGT,53.4,52.19,3.5205,2
1399,1400,TCT/GGT,53.4,54.16,3.5582,2
1400,1401,GGG/ATT,53.4,54.52,3.5651,3
1401,1402,ATA/GTT,53.4,51.83,3.5137,2
1402,1403,TTA/GTT,53.4,52.21,3.5208,2
1403,1404,ACC/GTG,53.4,53.12,3.5382,2
1404,1405,GTC/AGT,53.4,53.41,3.5439,3
1405,1406,GGA/GCA,53.3,53.78,3.5509,2
1406,1407,GCT/CAC,53.3,53.66,3.5487,2
1407,1408,GAT/GTG,53.3,53.73,3.5499,2
1408,1409,ACT/GGT,53.3,54.27,3.5603,2
1409,1410,GAG/ATT,53.3,53.91,3.5535,2
1410,1411,GTC/ATA,53.3,53.71,3.5497,3
1411,1412,GAA/ACA,53.3,52.54,3.5272,3
1412,1413,GTT/ACA,53.3,52.95,3.5350,2
1413,1414,CTA/GCA,53.3,54.31,3.5610,2
1414,1415,GAG/GTA,53.3,53.57,3.5470,2
1415,1416,TTC/AAC,53.3,52.15,3.5198,1
1416,1417,TCG/CAC,53.3,52.09,3.5187,2
1417,1418,CAG/CCC,53.3,54.06,3.5563,2
1418,1419,CAA/GCC,53.3,52.80,3.5321,2
1419,1420,GGA/ATC,53.3,54.52,3.5651,3
1420,1421,TCG/CTC,53.3,54.06,3.5563,2
1421,1422,TCG/TTC,53.3,54.41,3.5629,2
1422,1423,CCT/GCG,53.3,54.75,3.5695,2
1423,1424,CTA/GCG,53.3,55.62,3.5861,2
1424,1425,CCG/CGG,53.3,50.92,3.4963,2
1425,1426,TGA/GGG,53.3,54.02,3.5554,3
1426,1427,TGT/ATG,53.3,52.29,3.5225,2
1427,1428,GAC/AAT,53.3,53.11,3.5381,3
1428,1429,GAT/CCC,53.3,54.04,3.5558,2
1429,1430,GTG/ATG,53.3,53.43,3.5442,3
1430,1431,AAA/CTG,53.3,51.20,3.5016,2
1431,1432,AGT/TTG,53.3,52.84,3.5329,2
1432,1433,GTC/AAT,53.3,52.67,3.5296,2
1433,1434,TAG/AAT,53.3,52.12,3.5192,2
1434,1435,TCA/ACT,53.3,52.15,3.5198,1
1435,1436,CGA/AGT,53.3,52.36,3.5238,2
1436,1437,AGA/AAT,53.3,52.70,3.5302,2
1437,1438,GAG/ACT,53.3,53.85,3.5523,3
1438,1439,AGA/ATT,53.3,52.38,3.5241,2
1439,1440,TGC/GCT,53.2,52.50,3.5265,2
1440,1441,GTC/CTA,53.2,53.99,3.5549,2
1441,1442,GAG/CAG,53.2,55.56,3.5850,2
1442,1443,GAG/TAG,53.2,51.98,3.5164,3
1443,1444,TGA/GAA,53.2,53.55,3.5466,3
1444,1445,TAG/ACA,53.2,51.33,3.5040,2
1445,1446,CAA/GCA,53.2,54.06,3.5563,2
1446,1447,TGG/AGA,53.2,51.28,3.5031,2
1447,1448,TAT/GGA,53.2,53.11,3.5381,2
1448,1449,CAT/ATA,53.2,49.61,3.4712,1
1449,1450,CAG/CAC,53.2,50.74,3.4929,2
1450,1451,CAC/GAC,53.2,52.16,3.5199,2
1451,1452,TGG/TGC,53.2,53.74,3.5501,2
1452,1453,GGT/ATC,53.2,52.55,3.5273,3
1453,1454,CCT/GTC,53.2,53.16,3.5391,2
1454,1455,ATA/GAG,53.2,53.78,3.5509,2
1455,1456,GTG/GAG,53.2,52.87,3.5336,2
1456,1457,TGG/AGG,53.2,52.67,3.5296,2
1457,1458,CAC/TGG,53.2,54.02,3.5554,2
1458,1459,GAC/CAT,53.2,54.45,3.5637,2
1459,1460,GCG/GCT,53.2,53.88,3.5529,3
1460,1461,AAG/TCT,53.2,53.66,3.5485,2
1461,1462,GCC/GGT,53.2,53.28,3.5413,2
1462,1463,ATG/TGT,53.2,54.24,3.5598,2
1463,1464,ATA/ATT,53.2,51.92,3.5154,2
1464,1465,TGA/GTG,53.2,52.83,3.5327,3
1465,1466,TAT/AAG,53.2,52.01,3.5171,2
1466,1467,TAA/TAG,53.2,52.97,3.5354,3
1467,1468,GTC/CCA,53.1,52.96,3.5353,2
1468,1469,CGT/AGA,53.1,50.65,3.4910,2
1469,1470,AGA/CAG,53.1,54.00,3.5551,3
1470,1471,AAA/GAT,53.1,51.54,3.5081,2
1471,1472,AGT/GCT,53.1,53.40,3.5437,2
1472,1473,GAC/ACA,53.1,51.26,3.5027,3
1473,1474,GTG/ACA,53.1,54.68,3.5682,3
1474,1475,GTG/AGA,53.1,55.34,3.5808,3
1475,1476,TTA/AGA,53.1,52.12,3.5192,2
1476,1477,AGT/GGA,53.1,51.69,3.5110,2
1477,1478,ATT/TGA,53.1,55.71,3.5879,1
1478,1479,TGA/TAC,53.1,51.50,3.5073,3
1479,1480,CCA/GCC,53.1,53.46,3.5449,2
1480,1481,GCT/AGC,53.1,53.49,3.5453,2
1481,1482,GTA/AGC,53.1,52.84,3.5329,3
1482,1483,CTC/GGC,53.1,54.29,3.5606,2
1483,1484,CTT/GGC,53.1,54.76,3.5696,2
1484,1485,GAT/GAG,53.1,52.24,3.5214,3
1485,1486,TTC/GCG,53.1,53.01,3.5362,2
1486,1487,TTC/TCG,53.1,52.82,3.5326,2
1487,1488,CGA/AGG,53.1,54.33,3.5615,3
1488,1489,GCA/GTG,53.1,51.61,3.5094,3
1489,1490,TAA/TAT,53.1,52.44,3.5253,2
1490,1491,GCA/ACT,53.1,52.89,3.5338,2
1491,1492,TGT/GCT,53.1,53.76,3.5505,2
1492,1493,CGG/ACG,53.1,53.49,3.5454,2
1493,1494,TGA/CTT,53.1,51.01,3.4980,2
1494,1495,GGC/ACT,53.1,52.14,3.5195,2
1495,1496,GGC/TCT,53.1,52.50,3.5265,2
1496,1497,TAA/AAA,53.1,51.27,3.5029,2
1497,1498,GTA/TAA,53.1,53.63,3.5481,2
1498,1499,GCA/AAC,53.1,53.11,3.5381,3
1499,1500,CTG/TCC,53.1,53.78,3.5509,2
1500,1501,TGA/CCG,53.1,52.58,3.5279,2
1501,1502,AAA/ATG,53.1,51.79,3.5128,2
1502,1503,GTA/GCT,53.1,52.31,3.5228,2
1503,1504,GTT/ATT,53.1,52.77,3.5316,3
1504,1505,GTC/CTT,53.1,53.57,3.5468,2
1505,1506,TCA/GAG,53.0,52.39,3.5243,3
1506,1507,TAG/GTT,53.0,53.55,3.5466,2
1507,1508,GGT/GAA,53.0,51.58,3.5089,2
1508,1509,TAT/TAA,53.0,51.73,3.5117,2
1509,1510,AGA/GCA,53.0,54.15,3.5580,2
1510,1511,TGC/TCA,53.0,51.77,3.5124,2
1511,1512,ACA/GGA,53.0,53.57,3.5470,2
1512,1513,GGT/GGA,53.0,51.39,3.5053,2
1513,1514,GGT/TGA,53.0,51.77,3.5126,2
1514,1515,AAG/GTA,53.0,53.80,3.5513,2
1515,1516,TGC/AAC,53.0,51.71,3.5114,2
1516,1517,AGA/TAC,53.0,53.08,3.5375,2
1517,1518,CTG/CCC,53.0,53.13,3.5385,2
1518,1519,TAG/CCC,53.0,54.75,3.5695,2
1519,1520,TCG/TCC,53.0,53.90,3.5532,2
1520,1521,ACA/TGC,53.0,55.35,3.5809,1
1521,1522,CAG/TGC,53.0,56.22,3.5975,2
1522,1523,TTA/TAG,53.0,52.74,3.5310,2
1523,1524,TAG/ACG,53.0,50.96,3.4970,2
1524,1525,CTG/GCG,53.0,55.07,3.5756,2
1525,1526,ATA/CGG,53.0,51.16,3.5007,3
1526,1527,TTC/CGG,53.0,53.52,3.5458,2
1527,1528,TGG/GAT,53.0,52.90,3.5340,3
1528,1529,CTT/GCT,53.0,53.41,3.5439,2
1529,1530,GCA/ATT,53.0,53.47,3.5450,2
1530,1531,ATG/TTT,53.0,53.54,3.5463,2
1531,1532,GTC/ACA,53.0,50.68,3.4917,3
1532,1533,TGA/ATC,53.0,51.11,3.4999,2
1533,1534,CTG/CTC,53.0,53.90,3.5532,2
1534,1535,TCT/AAG,53.0,51.12,3.5000,2
1535,1536,GTT/TAT,53.0,53.51,3.5457,2
1536,1537,GTT/CCT,53.0,53.76,3.5505,2
1537,1538,CTC/GCT,53.0,53.21,3.5399,2
1538,1539,GAG/TCT,52.9,52.77,3.5316,3
1539,1540,TGG/GAA,52.9,53.36,3.5429,3
1540,1541,GTG/TAA,52.9,54.63,3.5671,2
1541,1542,TAA/AGA,52.9,51.48,3.5069,2
1542,1543,TGA/CAC,52.9,51.88,3.5145,3
1543,1544,AAG/CCC,52.9,53.18,3.5394,2
1544,1545,GAA/CCC,52.9,54.60,3.5665,2
1545,1546,TGA/AGC,52.9,51.40,3.5054,2
1546,1547,CCG/ATC,52.9,54.75,3.5695,2
1547,1548,TGC/CAG,52.9,53.90,3.5532,2
1548,1549,CGT/ACG,52.9,52.80,3.5321,2
1549,1550,GCG/TCG,52.9,51.70,3.5111,3
1550,1551,CCT/CGG,52.9,51.61,3.5094,2
1551,1552,AGA/GGG,52.9,55.15,3.5770,3
1552,1553,GGA/GGG,52.9,52.74,3.5310,3
1553,1554,CTC/ATG,52.9,53.22,3.5402,2
1554,1555,TAA/GTG,52.9,54.06,3.5563,2
1555,1556,CCT/GCT,52.9,52.94,3.5348,2
1556,1557,ATG/TCT,52.9,53.13,3.5385,2
1557,1558,AAG/AGT,52.9,52.04,3.5177,3
1558,1559,TAT/AGT,52.9,51.44,3.5061,2
1559,1560,AAG/CGT,52.9,52.42,3.5249,3
1560,1561,GCT/CTT,52.9,53.57,3.5470,2
1561,1562,TAG/ACT,52.8,51.88,3.5145,2
1562,1563,GAT/ACT,52.8,52.34,3.5234,3
1563,1564,GCA/ATA,52.8,52.00,3.5168,3
1564,1565,TTT/GAG,52.8,52.98,3.5355,2
1565,1566,CTC/ACG,52.8,52.41,3.5248,2
1566,1567,GTT/ACG,52.8,51.90,3.5150,3
1567,1568,AGT/CCG,52.8,52.80,3.5321,2
1568,1569,TCA/ATG,52.8,52.01,3.5170,2
1569,1570,TAT/AAT,52.8,52.10,3.5188,2
1570,1571,GTC/CCT,52.8,52.94,3.5348,2
1571,1572,ATG/GAA,52.8,53.78,3.5509,2
1572,1573,AGC/CGA,52.8,51.60,3.5091,3
1573,1574,GCC/GGA,52.8,53.12,3.5384,2
1574,1575,TCA/GGA,52.8,53.46,3.5447,2
1575,1576,AGT/ATA,52.8,51.24,3.5023,2
1576,1577,GGG/ATA,52.8,54.76,3.5697,3
1577,1578,CCG/AAC,52.8,53.18,3.5394,2
1578,1579,ATC/TAC,52.8,52.44,3.5253,1
1579,1580,CAT/GCC,52.8,52.87,3.5336,2
1580,1581,TGT/GCC,52.8,53.32,3.5422,2
1581,1582,TTG/TGC,52.8,54.13,3.5577,2
1582,1583,GCA/CTC,52.8,53.29,3.5416,2
1583,1584,ATA/AAG,52.8,51.61,3.5094,2
1584,1585,TAG/AAG,52.8,51.26,3.5027,2
1585,1586,TCG/AAG,52.8,51.40,3.5054,2
1586,1587,TGT/CCG,52.8,52.64,3.5292,2
1587,1588,GCC/TCG,52.8,53.52,3.5460,2
1588,1589,TAC/TCG,52.8,53.26,3.5409,2
1589,1590,AAG/GTG,52.8,53.50,3.5456,2
1590,1591,AAT/GTG,52.8,53.96,3.5543,2
1591,1592,GGA/TTG,52.8,51.16,3.5009,3
1592,1593,GCT/AAT,52.8,52.83,3.5327,3
1593,1594,GAA/GAT,52.8,51.69,3.5108,2
1594,1595,ACA/TAT,52.8,53.98,3.5547,1
1595,1596,TAC/AGT,52.8,51.04,3.4984,2
1596,1597,GCA/CCA,52.7,53.43,3.5443,2
1597,1598,AGA/GCC,52.7,53.99,3.5550,2
1598,1599,CTC/GTC,52.7,53.82,3.5516,2
1599,1600,GAG/GAG,52.7,52.27,3.5219,3
1600,1601,ATC/GCG,52.7,53.07,3.5374,2
1601,1602,TCG/AAA,52.7,51.21,3.5017,2
1602,1603,AGT/CAA,52.7,50.41,3.4866,2
1603,1604,CCC/GAA,52.7,54.17,3.5584,2
1604,1605,GTG/GAA,52.7,54.01,3.5553,2
1605,1606,TTG/ACA,52.7,51.04,3.4984,2
1606,1607,AAT/AGA,52.7,52.40,3.5245,2
1607,1608,AGT/GTA,52.7,51.89,3.5147,2
1608,1609,TCT/GTA,52.7,51.63,3.5097,2
1609,1610,TGG/GTA,52.7,52.79,3.5320,3
1610,1611,TGT/TTA,52.7,51.36,3.5047,2
1611,1612,TGT/AAC,52.7,52.01,3.5170,2
1612,1613,GAC/CAC,52.7,53.18,3.5395,2
1613,1614,CCG/ACC,52.7,54.07,3.5564,2
1614,1615,TGT/AGC,52.7,51.47,3.5067,2
1615,1616,GCA/GGC,52.7,53.74,3.5501,2
1616,1617,CAA/ACG,52.7,53.66,3.5485,3
1617,1618,TAA/GCG,52.7,51.98,3.5165,3
1618,1619,TCC/TTG,52.7,53.29,3.5415,2
1619,1620,GCA/GAT,52.7,51.33,3.5040,2
1620,1621,GGT/GCT,52.7,53.02,3.5364,2
1621,1622,CTA/AGT,52.7,51.77,3.5124,2
1622,1623,TTA/GAG,52.7,52.95,3.5351,2
1623,1624,TCA/ACG,52.7,51.71,3.5114,2
1624,1625,CGT/CGA,52.7,50.83,3.4946,2
1625,1626,CTC/CAG,52.7,55.29,3.5798,1
1626,1627,TCC/GCG,52.7,52.88,3.5337,2
1627,1628,AGA/CAT,52.7,52.39,3.5243,2
1628,1629,TGA/CAT,52.7,51.71,3.5114,2
1629,1630,GAG/GCT,52.7,51.43,3.5060,3
1630,1631,GAT/GCT,52.7,52.70,3.5302,3
1631,1632,CGT/CAA,52.6,48.92,3.4580,2
1632,1633,TGT/GAA,52.6,52.13,3.5194,2
1633,1634,GAG/ACA,52.6,53.37,3.5430,3
1634,1635,GAC/AAC,52.6,52.32,3.5229,3
1635,1636,CCG/TAC,52.6,52.50,3.5263,2
1636,1637,CAC/GCC,52.6,50.48,3.4878,2
1637,1638,TGC/CGC,52.6,52.17,3.5201,3
1638,1639,TGT/ATC,52.6,50.51,3.4884,2
1639,1640,ATG/GAG,52.6,52.65,3.5293,2
1640,1641,CGA/ACG,52.6,52.73,3.5309,2
1641,1642,AAA/CCG,52.6,51.54,3.5081,3
1642,1643,AGA/TGG,52.6,55.05,3.5752,2
1643,1644,ATA/TGG,52.6,55.79,3.5894,2
1644,1645,CCA/TGG,52.6,49.89,3.4765,2
1645,1646,ATA/ATG,52.6,51.93,3.5155,3
1646,1647,GCG/ATG,52.6,52.59,3.5282,3
1647,1648,GAA/GTG,52.6,53.43,3.5442,2
1648,1649,TGG/GTG,52.6,53.27,3.5412,3
1649,1650,TAA/TTG,52.6,52.52,3.5268,2
1650,1651,GGC/AAT,52.6,52.72,3.5306,3
1651,1652,GCA/TAT,52.6,51.29,3.5033,2
1652,1653,GCC/AGT,52.6,53.57,3.5470,2
1653,1654,TCC/GGT,52.6,52.42,3.5249,2
1654,1655,GTA/GCA,52.6,51.08,3.4993,3
1655,1656,GAT/TCA,52.6,50.48,3.4878,2
1656,1657,CAT/CTA,52.6,48.61,3.4521,1
1657,1658,GTC/AAC,52.6,52.04,3.5177,2
1658,1659,TAT/TTG,52.6,52.84,3.5329,2
1659,1660,TGA/TCC,52.6,52.75,3.5313,2
1660,1661,TTG/ATT,52.5,51.94,3.5157,2
1661,1662,TTA/TTT,52.5,51.48,3.5070,2
1662,1663,GTA/GAA,52.5,52.99,3.5358,2
1663,1664,TAC/AGA,52.5,51.33,3.5040,2
1664,1665,GCA/CCC,52.5,53.70,3.5494,2
1665,1666,TAC/ATC,52.5,50.42,3.4867,1
1666,1667,CTC/CGG,52.5,54.79,3.5702,2
1667,1668,TAA/GGG,52.5,53.24,3.5406,3
1668,1669,GGG/TTG,52.5,51.66,3.5103,3
1669,1670,AGC/CGT,52.5,51.18,3.5011,3
1670,1671,ACC/GGT,52.5,52.55,3.5273,2
1671,1672,TAG/GGT,52.5,52.15,3.5198,3
1672,1673,TAT/GAA,52.5,51.89,3.5147,2
1673,1674,TCT/ACA,52.5,50.42,3.4867,1
1674,1675,AAG/TCA,52.5,52.96,3.5353,2
1675,1676,GTT/GGA,52.5,52.33,3.5232,2
1676,1677,GTG/ATA,52.5,53.43,3.5443,3
1677,1678,ATA/TTA,52.5,53.71,3.5495,2
1678,1679,TAG/TTA,52.5,52.67,3.5297,2
1679,1680,CCC/GAC,52.5,53.97,3.5546,2
1680,1681,CTT/GCC,52.5,53.26,3.5411,2
1681,1682,CCG/TCC,52.5,53.13,3.5385,2
1682,1683,TGC/AGC,52.5,49.13,3.4619,2
1683,1684,GAA/ATC,52.5,52.10,3.5188,2
1684,1685,AAC/TTC,52.5,52.64,3.5292,1
1685,1686,CCG/TTC,52.5,53.72,3.5498,2
1686,1687,GCG/CAG,52.5,54.90,3.5723,2
1687,1688,AAA/GAG,52.5,53.48,3.5451,3
1688,1689,GCA/TAG,52.5,51.71,3.5114,3
1689,1690,GGG/TAG,52.5,52.25,3.5217,3
1690,1691,ACA/AGG,52.5,51.56,3.5084,2
1691,1692,GCT/ATG,52.5,51.89,3.5148,3
1692,1693,GAG/GTG,52.5,53.26,3.5411,2
1693,1694,CCC/GAT,52.5,54.05,3.5561,2
1694,1695,GCA/GCT,52.5,51.20,3.5016,2
1695,1696,TAA/GCT,52.5,51.40,3.5054,2
1696,1697,AAG/GTT,52.5,53.15,3.5388,2
1697,1698,GCA/GTT,52.5,51.66,3.5104,2
1698,1699,TCA/GTT,52.5,51.20,3.5016,2
1699,1700,GAT/TTT,52.5,53.33,3.5423,2
1700,1701,GAG/GTT,52.5,52.91,3.5343,2
1701,1702,TCA/TAG,52.5,51.19,3.5014,3
1702,1703,TAT/ACG,52.5,50.09,3.4804,2
1703,1704,AGT/TAT,52.4,53.80,3.5512,2
1704,1705,GTC/TAT,52.4,52.30,3.5226,2
1705,1706,CGG/ACT,52.4,53.31,3.5419,2
1706,1707,CGA/CTT,52.4,51.74,3.5118,2
1707,1708,TAC/AAA,52.4,51.18,3.5011,2
1708,1709,GCC/CAA,52.4,53.63,3.5480,2
1709,1710,CTC/GCA,52.4,53.09,3.5378,2
1710,1711,TTC/AGA,52.4,51.89,3.5147,2
1711,1712,GCC/ATA,52.4,51.25,3.5026,3
1712,1713,ACG/GCC,52.4,52.31,3.5228,2
1713,1714,CGG/TGC,52.4,54.00,3.5551,2
1714,1715,TGC/ATC,52.4,50.19,3.4822,2
1715,1716,GTC/CTC,52.4,53.46,3.5447,2
1716,1717,CCC/GTC,52.4,52.47,3.5258,2
1717,1718,GCT/CAG,52.4,54.82,3.5707,2
1718,1719,GCA/GAG,52.4,51.97,3.5163,3
1719,1720,AAC/CCG,52.4,51.19,3.5013,2
1720,1721,CAA/AGG,52.4,52.88,3.5337,3
1721,1722,GAC/ACT,52.4,50.82,3.4943,3
1722,1723,CAA/CGT,52.4,52.09,3.5187,2
1723,1724,TCG/CGT,52.4,53.10,3.5379,2
1724,1725,GAA/TGT,52.4,52.89,3.5338,2
1725,1726,TGC/ATA,52.4,50.10,3.4805,2
1726,1727,GTA/TCA,52.4,49.54,3.4697,3
1727,1728,AAA/AAT,52.4,51.34,3.5043,2
1728,1729,CCC/GTT,52.4,52.94,3.5348,2
1729,1730,TAC/CCG,52.3,52.86,3.5333,2
1730,1731,TTG/GAA,52.3,52.95,3.5350,2
1731,1732,CCA/GCA,52.3,52.80,3.5321,2
1732,1733,TCC/GGA,52.3,52.27,3.5219,2
1733,1734,ATT/ATA,52.3,51.38,3.5050,2
1734,1735,CCC/GTA,52.3,53.43,3.5442,2
1735,1736,ATG/TTA,52.3,53.03,3.5365,2
1736,1737,GAA/AAC,52.3,53.82,3.5516,3
1737,1738,ATG/CCC,52.3,52.49,3.5262,2
1738,1739,GAC/CCC,52.3,53.04,3.5368,2
1739,1740,GTC/AGC,52.3,52.07,3.5182,3
1740,1741,GGC/ATC,52.3,52.47,3.5258,3
1741,1742,GGA/GTC,52.3,52.09,3.5187,3
1742,1743,AAT/AAG,52.3,51.58,3.5089,3
1743,1744,TCG/GAG,52.3,51.04,3.4986,3
1744,1745,AAG/TAG,52.3,52.90,3.5341,2
1745,1746,AAG/ACG,52.3,52.15,3.5198,3
1746,1747,TTC/CCG,52.3,51.73,3.5117,2
1747,1748,CTT/GCG,52.3,53.88,3.5528,2
1748,1749,TGA/CGG,52.3,51.53,3.5079,3
1749,1750,GTA/GGG,52.3,53.50,3.5456,3
1750,1751,TCG/ATG,52.3,51.47,3.5067,2
1751,1752,TCT/ATG,52.3,50.50,3.4883,2
1752,1753,CTC/CTG,52.3,52.12,3.5191,2
1753,1754,CTC/TTG,52.3,52.42,3.5249,2
1754,1755,GCC/CAT,52.3,53.55,3.5464,2
1755,1756,AAG/TAT,52.3,53.61,3.5477,2
1756,1757,TCG/GCT,52.3,50.02,3.4789,3
1757,1758,GCA/TCT,52.3,51.13,3.5001,2
1758,1759,CAT/AGT,52.3,50.59,3.4900,3
1759,1760,TGC/AGA,52.3,50.96,3.4970,2
1760,1761,GTA/TAC,52.3,52.78,3.5319,2
1761,1762,GTC/CCC,52.3,52.55,3.5273,2
1762,1763,AGA/TTC,52.3,52.46,3.5256,2
1763,1764,CGA/AAT,52.3,51.68,3.5107,2
1764,1765,TCA/GAT,52.3,51.95,3.5158,2
1765,1766,CGG/TCT,52.3,53.15,3.5388,2
1766,1767,GTG/GGT,52.3,52.06,3.5180,3
1767,1768,ACC/TGT,52.3,54.90,3.5724,1
1768,1769,TAG/TTG,52.2,52.35,3.5236,2
1769,1770,GAT/TAT,52.2,52.24,3.5214,3
1770,1771,AGA/AGT,52.2,51.29,3.5033,2
1771,1772,TTC/CTG,52.2,52.35,3.5236,2
1772,1773,GTC/TAA,52.2,52.78,3.5319,2
1773,1774,GGT/GAC,52.2,49.56,3.4702,3
1774,1775,GTT/AGC,52.2,52.16,3.5199,3
1775,1776,GTT/GAT,52.2,52.87,3.5334,2
1776,1777,AAA/GCT,52.2,50.65,3.4911,2
1777,1778,CTT/CAA,52.2,48.98,3.4592,1
1778,1779,TCT/GAA,52.2,51.57,3.5087,2
1779,1780,GAG/TCA,52.2,51.13,3.5001,3
1780,1781,TGA/AGA,52.2,51.25,3.5026,2
1781,1782,TGT/GGA,52.2,51.77,3.5124,2
1782,1783,TCG/ATA,52.2,50.41,3.4866,2
1783,1784,CCG/CAC,52.2,49.67,3.4723,2
1784,1785,CCT/GCC,52.2,52.49,3.5262,2
1785,1786,GAT/ATC,52.2,52.04,3.5177,2
1786,1787,AAG/AAG,52.2,52.02,3.5172,3
1787,1788,GGT/TAG,52.2,52.15,3.5197,3
1788,1789,TTA/GGG,52.2,53.12,3.5382,3
1789,1790,GGA/TGG,52.2,51.31,3.5037,3
1790,1791,ATA/CTG,52.2,50.84,3.4947,3
1791,1792,GGA/GTG,52.2,52.91,3.5343,3
1792,1793,ATG/TTG,52.2,53.30,3.5418,2
1793,1794,ATT/TTG,52.2,52.95,3.5351,2
1794,1795,TTA/TCT,52.2,50.65,3.4910,2
1795,1796,CAC/AGT,52.2,51.13,3.5001,3
1796,1797,TGC/AGT,52.2,50.70,3.4920,2
1797,1798,TGT/AGT,52.2,51.51,3.5074,2
1798,1799,GAC/ATT,52.2,52.03,3.5174,2
1799,1800,GCG/ATT,52.2,52.10,3.5188,3
1800,1801,TTG/GAT,52.2,52.98,3.5355,2
1801,1802,TAG/GAT,52.2,52.43,3.5251,3
1802,1803,TAG/TCT,52.2,50.89,3.4956,3
1803,1804,TGA/TTG,52.2,52.17,3.5201,3
1804,1805,CGT/ATA,52.1,50.35,3.4854,2
1805,1806,GAT/AAC,52.1,52.84,3.5330,3
1806,1807,AGA/GTC,52.1,50.70,3.4920,3
1807,1808,AGT/CAT,52.1,51.92,3.5153,3
1808,1809,GTT/ACT,52.1,51.65,3.5101,3
1809,1810,TAT/GTT,52.1,52.82,3.5326,2
1810,1811,TCA/AAA,52.1,51.33,3.5041,2
1811,1812,AGT/GAA,52.1,51.52,3.5077,2
1812,1813,GGG/TAA,52.1,51.45,3.5064,3
1813,1814,TTG/TAA,52.1,52.74,3.5310,2
1814,1815,GCT/ACA,52.1,51.66,3.5103,2
1815,1816,CCG/AGA,52.1,53.91,3.5533,2
1816,1817,TGC/TAC,52.1,51.97,3.5163,3
1817,1818,TCG/CCC,52.1,53.29,3.5416,2
1818,1819,TTA/AGC,52.1,51.37,3.5049,2
1819,1820,AAT/ACG,52.1,51.99,3.5167,3
1820,1821,TCG/ACG,52.1,49.13,3.4619,2
1821,1822,TTC/TGG,52.1,52.54,3.5272,2
1822,1823,TCC/CTG,52.1,52.36,3.5238,2
1823,1824,GCC/AAT,52.1,52.51,3.5266,3
1824,1825,CTA/CAT,52.1,48.98,3.4592,1
1825,1826,AAT/TAT,52.1,53.53,3.5461,2
1826,1827,GCT/CCT,52.1,52.64,3.5292,2
1827,1828,ACG/AGT,52.1,52.48,3.5261,2
1828,1829,CAG/AGT,52.1,52.29,3.5224,3
1829,1830,ACG/CGT,52.1,52.12,3.5191,2
1830,1831,GGG/TTT,52.1,52.23,3.5212,3
1831,1832,TGA/CTG,52.1,50.98,3.4974,3
1832,1833,AGA/CGT,52.1,51.60,3.5093,2
1833,1834,GGT/TAC,52.1,51.42,3.5057,3
1834,1835,GCT/CCC,52.1,52.29,3.5224,2
1835,1836,TTT/TAG,52.1,52.76,3.5314,2
1836,1837,TCA/GTG,52.1,51.36,3.5047,3
1837,1838,AAA/ACT,52.1,50.94,3.4966,2
1838,1839,TAG/GCT,52.1,51.94,3.5157,3
1839,1840,CGA/ATT,52.1,51.86,3.5143,2
1840,1841,TAG/TTT,52.0,51.99,3.5167,2
1841,1842,AAT/AAA,52.0,50.64,3.4909,2
1842,1843,AAG/TAA,52.0,53.42,3.5440,2
1843,1844,GAG/TAA,52.0,52.16,3.5199,3
1844,1845,AGA/ACA,52.0,51.54,3.5080,2
1845,1846,AAT/CGA,52.0,51.48,3.5069,2
1846,1847,ATT/GGA,52.0,51.87,3.5144,2
1847,1848,AAG/ATA,52.0,51.95,3.5158,2
1848,1849,GCT/GTA,52.0,51.28,3.5030,2
1849,1850,CTA/GCC,52.0,54.26,3.5601,2
1850,1851,GCT/GGC,52.0,53.20,3.5398,2
1851,1852,GCT/CTC,52.0,52.55,3.5275,2
1852,1853,CCC/AAG,52.0,53.35,3.5426,2
1853,1854,AGC/CAG,52.0,53.26,3.5411,2
1854,1855,CGA/TAG,52.0,51.40,3.5054,3
1855,1856,TTA/ACG,52.0,52.03,3.5174,2
1856,1857,CAC/CCG,52.0,51.80,3.5130,2
1857,1858,ACA/CGG,52.0,51.19,3.5013,2
1858,1859,GAA/GGG,52.0,52.84,3.5329,3
1859,1860,AAT/ATG,52.0,52.11,3.5190,2
1860,1861,TGT/GAT,52.0,51.77,3.5126,3
1861,1862,TGG/TAT,52.0,52.01,3.5171,3
1862,1863,ATA/ACT,52.0,49.95,3.4776,2
1863,1864,TTA/GCT,52.0,50.84,3.4947,2
1864,1865,TGT/TCT,52.0,52.13,3.5194,2
1865,1866,TGG/GGT,52.0,51.86,3.5143,3
1866,1867,GCA/TTT,52.0,50.24,3.4833,2
1867,1868,GAT/GAA,52.0,51.12,3.5000,2
1868,1869,TAA/GTA,52.0,52.55,3.5273,2
1869,1870,AGT/GCC,52.0,52.96,3.5353,2
1870,1871,TAT/GAG,52.0,52.35,3.5236,3
1871,1872,CGC/TGG,52.0,52.97,3.5354,2
1872,1873,TGC/AAT,52.0,52.03,3.5174,2
1873,1874,TTT/AGT,52.0,51.94,3.5157,2
1874,1875,GTA/TGT,52.0,50.98,3.4974,2
1875,1876,ATT/TTT,52.0,52.78,3.5317,2
1876,1877,GGA/TAA,52.0,51.51,3.5076,3
1877,1878,GGC/ATT,52.0,51.60,3.5091,3
1878,1879,TCT/GAG,52.0,51.64,3.5100,3
1879,1880,AAT/GAA,51.9,51.30,3.5034,2
1880,1881,TAA/ACA,51.9,51.18,3.5011,2
1881,1882,TTA/ACA,51.9,50.74,3.4929,2
1882,1883,GAA/TTA,51.9,53.06,3.5371,2
1883,1884,ACG/CAC,51.9,50.92,3.4963,2
1884,1885,GTA/ACC,51.9,51.80,3.5130,3
1885,1886,CCG/CCC,51.9,52.64,3.5292,2
1886,1887,TGC/GCC,51.9,52.17,3.5201,2
1887,1888,GCC/AGC,51.9,52.50,3.5265,2
1888,1889,CGA/TGC,51.9,49.44,3.4680,3
1889,1890,GGG/GAG,51.9,51.17,3.5010,3
1890,1891,GGT/GAG,51.9,50.62,3.4904,3
1891,1892,TCG/TAG,51.9,50.54,3.4890,3
1892,1893,CCC/ACG,51.9,52.84,3.5329,2
1893,1894,ATC/CCG,51.9,50.44,3.4871,2
1894,1895,CTA/AGG,51.9,52.55,3.5273,3
1895,1896,CCC/ATG,51.9,53.21,3.5399,2
1896,1897,AAA/GTG,51.9,53.66,3.5485,2
1897,1898,TTA/GTG,51.9,52.23,3.5212,3
1898,1899,TCG/AAT,51.9,51.37,3.5049,2
1899,1900,CGA/CAT,51.9,50.84,3.4947,2
1900,1901,ATT/GAT,51.9,52.64,3.5292,2
1901,1902,GGG/GAT,51.9,51.21,3.5017,3
1902,1903,CAA/ACT,51.9,50.94,3.4966,2
1903,1904,TCG/ACT,51.9,51.04,3.4986,2
1904,1905,GAC/GCT,51.9,50.23,3.4830,3
1905,1906,CGA/CGT,51.9,52.18,3.5204,2
1906,1907,GAG/GGT,51.9,52.31,3.5228,3
1907,1908,GCT/TGT,51.9,53.26,3.5409,2
1908,1909,GGA/GAC,51.9,51.11,3.4999,3
1909,1910,GGA/TAC,51.9,51.14,3.5004,3
1910,1911,TAT/TAG,51.9,51.76,3.5123,3
1911,1912,TAG/TAT,51.9,51.86,3.5143,3
1912,1913,TTG/TAT,51.9,52.76,3.5314,2
1913,1914,TTG/ACT,51.9,50.51,3.4884,2
1914,1915,GAT/GCA,51.8,50.44,3.4871,2
1915,1916,CGT/CTA,51.8,50.57,3.4896,2
1916,1917,GTA/GTG,51.8,52.08,3.5184,3
1917,1918,CGA/TAT,51.8,50.86,3.4950,2
1918,1919,CCT/AGT,51.8,51.96,3.5161,2
1919,1920,TCG/ACA,51.8,50.06,3.4798,2
1920,1921,ATG/TCA,51.8,52.87,3.5336,2
1921,1922,CTT/AGA,51.8,50.90,3.4959,2
1922,1923,GCG/ATA,51.8,52.11,3.5190,3
1923,1924,AGT/CTA,51.8,51.08,3.4993,2
1924,1925,ATT/GTA,51.8,51.23,3.5021,2
1925,1926,GCA/ATC,51.8,51.71,3.5114,3
1926,1927,TTA/ATC,51.8,50.74,3.4927,2
1927,1928,CCC/TAG,51.8,52.94,3.5348,2
1928,1929,ATT/TGG,51.8,53.94,3.5540,2
1929,1930,AAG/ATG,51.8,51.62,3.5096,2
1930,1931,CTA/ATG,51.8,51.61,3.5094,3
1931,1932,CCC/TTG,51.8,52.02,3.5172,2
1932,1933,GGT/TTG,51.8,51.45,3.5064,3
1933,1934,GGG/TAT,51.8,51.71,3.5113,3
1934,1935,ATA/GCT,51.8,49.26,3.4645,2
1935,1936,TAA/TCT,51.8,51.27,3.5029,2
1936,1937,TGC/TCT,51.8,50.83,3.4944,2
1937,1938,TGG/GTT,51.8,51.71,3.5114,3
1938,1939,TCA/TTT,51.8,50.32,3.4847,2
1939,1940,TTG/ACG,51.8,50.70,3.4920,2
1940,1941,TAA/AGC,51.8,51.21,3.5017,2
1941,1942,TCT/ACG,51.8,50.19,3.4822,2
1942,1943,TCA/CGG,51.8,52.19,3.5205,2
1943,1944,GTG/TCT,51.8,50.65,3.4910,3
1944,1945,TAA/AAC,51.7,51.33,3.5041,2
1945,1946,AGA/GTG,51.7,53.47,3.5450,3
1946,1947,TTG/ATG,51.7,51.51,3.5074,2
1947,1948,TTC/AGT,51.7,50.52,3.4886,2
1948,1949,AGT/AAA,51.7,50.51,3.4884,2
1949,1950,CTG/AAA,51.7,51.15,3.5006,2
1950,1951,GCT/TAA,51.7,50.90,3.4959,2
1951,1952,GCG/ACA,51.7,53.96,3.5543,3
1952,1953,AGT/CGA,51.7,49.87,3.4762,2
1953,1954,AGG/CTA,51.7,52.41,3.5248,3
1954,1955,TGT/GAC,51.7,52.05,3.5178,3
1955,1956,GTT/CCC,51.7,53.00,3.5360,2
1956,1957,GCG/GAG,51.7,50.86,3.4950,3
1957,1958,TGG/TAG,51.7,51.54,3.5081,3
1958,1959,GAA/GCG,51.7,52.21,3.5209,3
1959,1960,CAC/TCG,51.7,52.51,3.5266,2
1960,1961,AAA/GGG,51.7,51.92,3.5153,3
1961,1962,GGT/GGG,51.7,51.92,3.5153,3
1962,1963,AAA/TGG,51.7,54.24,3.5596,2
1963,1964,GCG/GTG,51.7,50.49,3.4880,3
1964,1965,GCG/ACT,51.7,52.46,3.5256,3
1965,1966,GTT/ATC,51.7,51.97,3.5163,3
1966,1967,TGA/GTC,51.7,50.56,3.4894,3
1967,1968,GTA/TTG,51.7,52.11,3.5190,3
1968,1969,CTG/ACT,51.7,51.24,3.5023,3
1969,1970,ACA/TCT,51.7,52.64,3.5292,1
1970,1971,CGA/TTT,51.7,50.56,3.4894,2
1971,1972,TCA/GGC,51.6,52.89,3.5338,2
1972,1973,TTG/GAG,51.6,51.77,3.5126,2
1973,1974,TTG/TAG,51.6,51.57,3.5086,2
1974,1975,TGT/CAA,51.6,50.07,3.4799,2
1975,1976,GCT/GAA,51.6,51.44,3.5061,2
1976,1977,GTT/TCA,51.6,50.56,3.4893,2
1977,1978,CTA/AGA,51.6,49.55,3.4700,3
1978,1979,CTC/AGA,51.6,50.75,3.4930,3
1979,1980,TCG/CGA,51.6,52.97,3.5354,2
1980,1981,TGA/GTA,51.6,52.16,3.5199,3
1981,1982,TTT/GTA,51.6,51.64,3.5100,2
1982,1983,TCA/AAC,51.6,50.79,3.4937,2
1983,1984,GCC/CAC,51.6,53.09,3.5378,2
1984,1985,AGA/ACC,51.6,51.38,3.5050,2
1985,1986,AGC/CGC,51.6,53.09,3.5377,3
1986,1987,ACA/GGC,51.6,53.01,3.5362,2
1987,1988,CCG/CTC,51.6,53.29,3.5416,2
1988,1989,GGT/GTC,51.6,49.20,3.4632,3
1989,1990,CAT/ACG,51.6,52.03,3.5175,3
1990,1991,CGT/CCG,51.6,52.37,3.5239,2
1991,1992,ACC/TCG,51.6,55.09,3.5759,1
1992,1993,GAA/TCG,51.6,52.80,3.5321,3
1993,1994,AAG/AGG,51.6,50.74,3.4929,3
1994,1995,CTG/AGG,51.6,50.16,3.4817,3
1995,1996,CTA/ACT,51.6,50.27,3.4838,2
1996,1997,GCT/ATT,51.6,51.49,3.5071,3
1997,1998,GCC/CTT,51.6,52.32,3.5231,2
1998,1999,GAT/GTT,51.6,52.16,3.5199,2
1999,2000,GCA/TGA,51.6,52.53,3.5270,2
2000,2001,TAC/AGC,51.6,50.06,3.4798,2
2001,2002,AGA/ATC,51.6,51.39,3.5053,3
2002,2003,AGA/CTC,51.6,50.66,3.4913,3
2003,2004,TCT/CGG,51.6,52.59,3.5282,2
2004,2005,AGT/GGG,51.6,51.28,3.5030,3
2005,2006,TAT/TAT,51.6,51.71,3.5113,3
2006,2007,GTC/ATT,51.6,51.83,3.5137,3
2007,2008,TTT/ATT,51.6,50.96,3.4970,2
2008,2009,GAG/TAT,51.6,52.94,3.5348,3
2009,2010,TAC/ACA,51.5,49.23,3.4640,2
2010,2011,GAT/TGA,51.5,51.28,3.5030,2
2011,2012,CGT/TTA,51.5,49.94,3.4775,2
2012,2013,GTA/GAC,51.5,52.12,3.5192,2
2013,2014,GTT/GGG,51.5,51.53,3.5079,3
2014,2015,AAA/CAT,51.5,50.16,3.4817,2
2015,2016,GTG/GCT,51.5,51.16,3.5007,3
2016,2017,AGG/GTT,51.5,51.12,3.5000,3
2017,2018,CGT/AAA,51.5,49.66,3.4722,2
2018,2019,GGA/GAA,51.5,51.30,3.5034,3
2019,2020,TTA/GAA,51.5,51.90,3.5150,2
2020,2021,TGT/TAA,51.5,50.70,3.4920,2
2021,2022,TTA/TAA,51.5,51.69,3.5110,2
2022,2023,GCG/GCA,51.5,53.16,3.5391,3
2023,2024,ACC/GGA,51.5,52.39,3.5243,2
2024,2025,TAG/GGA,51.5,50.82,3.4943,3
2025,2026,CCT/TGA,51.5,50.77,3.4933,1
2026,2027,TCA/ATA,51.5,50.47,3.4876,2
2027,2028,TTC/ATA,51.5,50.27,3.4838,2
2028,2029,GCC/CTA,51.5,52.81,3.5323,2
2029,2030,ACT/TTA,51.5,53.59,3.5473,1
2030,2031,GAC/TTA,51.5,51.91,3.5151,2
2031,2032,TGC/GAC,51.5,50.56,3.4894,3
2032,2033,TGT/TCC,51.5,51.68,3.5107,2
2033,2034,TAT/AGC,51.5,50.41,3.4866,2
2034,2035,TCT/GGC,51.5,52.34,3.5234,2
2035,2036,GAC/ATC,51.5,50.35,3.4854,2
2036,2037,GTC/ATC,51.5,51.40,3.5054,3
2037,2038,TAG/GAG,51.5,51.77,3.5126,3
2038,2039,CGA/CCG,51.5,52.29,3.5225,2
2039,2040,GCT/TCG,51.5,49.82,3.4752,3
2040,2041,CAG/AGG,51.5,51.36,3.5047,3
2041,2042,CAT/AGG,51.5,51.13,3.5001,3
2042,2043,CGA/CGG,51.5,52.81,3.5323,3
2043,2044,CCG/TGG,51.5,49.60,3.4709,2
2044,2045,GGT/TGG,51.5,50.55,3.4891,3
2045,2046,AAT/CTG,51.5,51.52,3.5077,2
2046,2047,ACA/TTG,51.5,53.39,3.5434,2
2047,2048,GCA/TTG,51.5,51.19,3.5013,3
2048,2049,CCC/GCT,51.5,52.32,3.5229,2
2049,2050,CAG/TCT,51.5,50.07,3.4799,3
2050,2051,CAT/CGT,51.5,51.74,3.5118,3
2051,2052,AAG/GGT,51.5,51.58,3.5089,3
2052,2053,ATG/GGT,51.5,50.54,3.4890,3
2053,2054,TCG/TGT,51.5,51.92,3.5153,2
2054,2055,CTA/ATT,51.5,50.77,3.4934,2
2055,2056,TCG/ATT,51.5,50.72,3.4924,2
2056,2057,TGT/ATT,51.5,51.33,3.5040,2
2057,2058,GGC/GCA,51.5,52.66,3.5295,2
2058,2059,TAA/TTA,51.5,50.94,3.4966,2
2059,2060,CAA/TCT,51.5,50.02,3.4789,2
2060,2061,GAT/TCT,51.5,50.61,3.4903,3
2061,2062,TAA/GAA,51.4,51.33,3.5041,3
2062,2063,GCA/ACA,51.4,51.33,3.5040,3
2063,2064,AGT/GTC,51.4,48.36,3.4472,3
2064,2065,CGA/ATG,51.4,51.64,3.5100,3
2065,2066,AGG/CTG,51.4,50.11,3.4808,3
2066,2067,CGA/CTG,51.4,50.93,3.4964,3
2067,2068,GTC/GAT,51.4,51.63,3.5098,2
2068,2069,TAT/GAT,51.4,51.76,3.5123,3
2069,2070,CTC/AGT,51.4,50.08,3.4801,3
2070,2071,TTT/ATG,51.4,51.33,3.5040,2
2071,2072,GCT/AAC,51.4,52.45,3.5255,3
2072,2073,TAG/GAA,51.4,51.66,3.5103,3
2073,2074,GAA/TAA,51.4,51.87,3.5144,3
2074,2075,TTA/GTA,51.4,50.86,3.4951,3
2075,2076,GGG/TTA,51.4,51.15,3.5006,3
2076,2077,TGC/CAC,51.4,51.20,3.5016,3
2077,2078,AGT/TAC,51.4,51.57,3.5086,2
2078,2079,CCC/GCC,51.4,52.03,3.5174,2
2079,2080,TTC/AGC,51.4,51.05,3.4987,2
2080,2081,AAA/CAG,51.4,50.42,3.4867,3
2081,2082,ATA/ACG,51.4,50.81,3.4941,3
2082,2083,GTA/GCG,51.4,51.54,3.5080,3
2083,2084,TGT/GGG,51.4,52.32,3.5231,3
2084,2085,TGG/TTG,51.4,51.27,3.5029,3
2085,2086,TAC/AAT,51.4,50.74,3.4929,2
2086,2087,TAA/CAT,51.4,50.41,3.4864,2
2087,2088,GAC/TTT,51.4,52.17,3.5201,2
2088,2089,CAA/ATG,51.4,50.56,3.4893,2
2089,2090,ACT/TGC,51.4,54.82,3.5709,1
2090,2091,CTG/TGC,51.4,54.31,3.5610,2
2091,2092,AGT/TTC,51.4,51.80,3.5130,2
2092,2093,AGT/GAG,51.4,51.35,3.5044,3
2093,2094,CTC/CCG,51.4,51.46,3.5066,2
2094,2095,AGG/TGG,51.4,53.35,3.5427,2
2095,2096,TAT/CTG,51.4,50.96,3.4970,2
2096,2097,GGC/GAA,51.3,51.77,3.5126,3
2097,2098,GGC/GCT,51.3,51.74,3.5118,2
2098,2099,TAC/GTA,51.3,51.39,3.5051,2
2099,2100,CGG/TCG,51.3,53.34,3.5425,2
2100,2101,TGA/CGT,51.3,51.15,3.5006,2
2101,2102,CAT/AAA,51.3,50.28,3.4840,2
2102,2103,ATA/GAA,51.3,52.77,3.5316,2
2103,2104,GAA/GAA,51.3,52.03,3.5174,3
2104,2105,GCC/ACA,51.3,50.21,3.4827,3
2105,2106,TGA/CCA,51.3,50.67,3.4914,2
2106,2107,CAT/AGA,51.3,51.44,3.5061,2
2107,2108,AGG/GTA,51.3,49.75,3.4739,3
2108,2109,ACG/ATC,51.3,52.91,3.5343,2
2109,2110,AAG/GAG,51.3,51.01,3.4980,3
2110,2111,AAT/GAG,51.3,51.13,3.5003,3
2111,2112,TGT/TAG,51.3,51.11,3.4999,3
2112,2113,AAA/TCG,51.3,54.50,3.5647,2
2113,2114,AAG/CGG,51.3,51.13,3.5001,3
2114,2115,GAT/GGG,51.3,51.70,3.5111,3
2115,2116,CCT/TGG,51.3,50.29,3.4843,2
2116,2117,CAT/ATG,51.3,50.89,3.4956,2
2117,2118,AAG/CTG,51.3,51.03,3.4983,2
2118,2119,TTA/TTG,51.3,51.66,3.5103,3
2119,2120,AAG/GAT,51.3,51.32,3.5039,3
2120,2121,GGT/TAT,51.3,51.17,3.5010,3
2121,2122,CCA/ACT,51.3,50.07,3.4799,2
2122,2123,AAG/GCT,51.3,50.71,3.4921,3
2123,2124,GAC/TCT,51.3,49.96,3.4778,3
2124,2125,AAT/GTT,51.3,52.41,3.5246,2
2125,2126,GGG/GTT,51.3,51.54,3.5080,3
2126,2127,TTT/AGC,51.3,50.72,3.4924,2
2127,2128,AGG/GAG,51.3,49.92,3.4771,3
2128,2129,AGG/GAT,51.3,51.02,3.4981,3
2129,2130,GTC/ACT,51.3,50.66,3.4913,3
2130,2131,GGA/TTA,51.2,50.45,3.4873,3
2131,2132,GGC/TAC,51.2,51.04,3.4984,3
2132,2133,CGC/CAG,51.2,52.71,3.5304,2
2133,2134,TAA/CCG,51.2,50.38,3.4860,3
2134,2135,TAA/CGG,51.2,49.86,3.4759,3
2135,2136,CAA/TAT,51.2,50.41,3.4864,2
2136,2137,GTC/GAA,51.2,52.12,3.5192,2
2137,2138,CGT/CAC,51.2,51.00,3.4977,3
2138,2139,TCC/GGC,51.2,51.32,3.5039,2
2139,2140,CTC/TGG,51.2,52.78,3.5317,2
2140,2141,TCA/GCT,51.2,50.38,3.4860,2
2141,2142,CCG/CGT,51.2,52.13,3.5194,2
2142,2143,AGG/TGT,51.2,53.60,3.5475,2
2143,2144,ACA/GTT,51.2,50.45,3.4873,2
2144,2145,ACT/TAA,51.2,52.92,3.5345,1
2145,2146,GTT/GCA,51.2,51.00,3.4977,2
2146,2147,ATT/AGA,51.2,50.86,3.4950,2
2147,2148,CTG/AGA,51.2,49.99,3.4785,3
2148,2149,GTT/TTA,51.2,51.39,3.5051,2
2149,2150,TTT/TTA,51.2,51.09,3.4994,2
2150,2151,ACG/AAC,51.2,52.61,3.5285,2
2151,2152,GCC/AAC,51.2,51.92,3.5154,3
2152,2153,CTC/GCC,51.2,52.55,3.5275,2
2153,2154,GCC/GGC,51.2,52.20,3.5207,2
2154,2155,GAA/TTC,51.2,52.24,3.5215,2
2155,2156,GAT/TTC,51.2,52.18,3.5204,2
2156,2157,CAA/AAG,51.2,51.54,3.5081,3
2157,2158,GCT/GAG,51.2,50.79,3.4937,3
2158,2159,CAG/ACG,51.2,51.78,3.5127,3
2159,2160,AAA/GCG,51.2,52.54,3.5272,3
2160,2161,GTG/GCG,51.2,50.70,3.4920,3
2161,2162,CGT/TCG,51.2,52.64,3.5290,2
2162,2163,CAA/CGG,51.2,50.59,3.4898,3
2163,2164,TTA/CGG,51.2,50.14,3.4812,3
2164,2165,ATA/GGG,51.2,53.07,3.5372,3
2165,2166,GTG/GGG,51.2,51.24,3.5023,3
2166,2167,TGG/GGG,51.2,51.31,3.5037,3
2167,2168,CCC/CTG,51.2,51.80,3.5131,2
2168,2169,ACA/GTG,51.2,52.30,3.5226,3
2169,2170,ATA/CGT,51.2,49.99,3.4785,2
2170,2171,CAG/CGT,51.2,50.95,3.4967,3
2171,2172,TAA/CGT,51.2,51.68,3.5107,2
2172,2173,CAA/AAT,51.2,51.30,3.5036,2
2173,2174,GGC/TAA,51.1,51.74,3.5118,3
2174,2175,TCT/TAG,51.1,50.08,3.4802,3
2175,2176,GGG/GTG,51.1,51.60,3.5091,3
2176,2177,AGT/ACT,51.1,50.74,3.4929,2
2177,2178,TAC/GTT,51.1,51.65,3.5101,2
2178,2179,TGG/TTT,51.1,51.06,3.4989,3
2179,2180,GAG/GAA,51.1,51.94,3.5157,3
2180,2181,GGG/GAA,51.1,51.33,3.5041,3
2181,2182,TCG/GAA,51.1,51.14,3.5004,3
2182,2183,GTG/GCA,51.1,50.61,3.4903,3
2183,2184,GTG/TCA,51.1,50.22,3.4828,3
2184,2185,AGT/AGA,51.1,50.14,3.4814,2
2185,2186,TTT/GGA,51.1,51.55,3.5083,2
2186,2187,GTT/GTA,51.1,51.52,3.5077,2
2187,2188,GCT/TTA,51.1,50.64,3.4909,2
2188,2189,TCT/AAC,51.1,49.89,3.4765,2
2189,2190,AGA/GAC,51.1,49.14,3.4622,3
2190,2191,AGA/CCC,51.1,50.66,3.4913,2
2191,2192,GGC/GTC,51.1,49.17,3.4628,3
2192,2193,ATT/TTC,51.1,51.66,3.5104,2
2193,2194,ATT/AAG,51.1,51.63,3.5098,2
2194,2195,AAG/TCG,51.1,53.26,3.5409,2
2195,2196,CTA/CGG,51.1,51.30,3.5036,3
2196,2197,ATG/AAT,51.1,51.63,3.5098,2
2197,2198,TCT/AAT,51.1,50.74,3.4927,2
2198,2199,TGG/CAT,51.1,50.71,3.4921,3
2199,2200,TCT/GAT,51.1,50.45,3.4873,3
2200,2201,ATG/ACT,51.1,50.77,3.4933,3
2201,2202,AAG/ATT,51.1,51.25,3.5026,2
2202,2203,TCA/CTT,51.1,49.32,3.4657,2
2203,2204,CTA/TTT,51.1,49.92,3.4771,2
2204,2205,GTA/GGA,51.1,51.22,3.5019,3
2205,2206,TAA/GGA,51.1,50.22,3.4828,3
2206,2207,GCA/ACC,51.1,51.52,3.5077,3
2207,2208,ACT/GGC,51.1,52.47,3.5258,2
2208,2209,TTT/ATC,51.1,50.08,3.4801,2
2209,2210,TAA/GTC,51.1,51.72,3.5116,2
2210,2211,GAG/GGG,51.1,51.26,3.5027,3
2211,2212,GAG/GAT,51.1,52.38,3.5242,3
2212,2213,AGG/CTT,51.1,51.13,3.5001,3
2213,2214,TTA/CTT,51.0,49.53,3.4696,2
2214,2215,TAC/ACT,51.0,48.83,3.4562,2
2215,2216,CTA/TCT,51.0,49.28,3.4648,2
2216,2217,AGA/GAA,51.0,50.76,3.4931,3
2217,2218,AGC/TAA,51.0,53.59,3.5473,2
2218,2219,TGA/TAA,51.0,50.82,3.4943,3
2219,2220,GCC/CCA,51.0,52.31,3.5228,2
2220,2221,ACC/TGA,51.0,54.76,3.5696,1
2221,2222,TAG/CTA,51.0,50.80,3.4939,2
2222,2223,TTG/GTA,51.0,50.51,3.4884,3
2223,2224,TAT/AAC,51.0,50.47,3.4876,2
2224,2225,TGA/CCC,51.0,50.50,3.4883,2
2225,2226,CGT/TGC,51.0,48.90,3.4576,3
2226,2227,TGC/GTC,51.0,51.04,3.4986,3
2227,2228,ACC/AAG,51.0,52.06,3.5180,2
2228,2229,CTA/AAG,51.0,51.15,3.5006,2
2229,2230,ACA/TAG,51.0,52.67,3.5296,2
2230,2231,GCG/TAG,51.0,50.09,3.4804,3
2231,2232,AAT/AGG,51.0,51.39,3.5053,3
2232,2233,AAT/GGG,51.0,51.25,3.5026,3
2233,2234,TAG/GGG,51.0,51.22,3.5020,3
2234,2235,AAT/TGG,51.0,53.78,3.5509,2
2235,2236,ATG/TGG,51.0,54.08,3.5565,2
2236,2237,ATA/GTG,51.0,51.37,3.5049,3
2237,2238,TGT/GTG,51.0,50.91,3.4960,3
2238,2239,AAG/AAT,51.0,51.42,3.5059,3
2239,2240,TGT/CAT,51.0,50.17,3.4820,3
2240,2241,CTA/CGT,51.0,50.83,3.4946,2
2241,2242,GGG/GGT,51.0,51.41,3.5056,3
2242,2243,TGC/ATT,51.0,49.16,3.4625,2
2243,2244,ATA/CTT,51.0,49.94,3.4775,2
2244,2245,GTC/GCA,51.0,48.79,3.4554,3
2245,2246,GTA/GTA,51.0,50.58,3.4897,3
2246,2247,TTT/GGG,51.0,51.30,3.5034,3
2247,2248,TCT/TGG,51.0,51.39,3.5053,2
2248,2249,TAT/ACT,51.0,50.27,3.4838,2
2249,2250,CTG/AGT,51.0,50.94,3.4966,3
2250,2251,AGT/TTT,51.0,52.18,3.5202,2
2251,2252,GGC/GAC,51.0,50.76,3.4931,3
2252,2253,CGG/AGG,51.0,50.95,3.4967,3
2253,2254,ATT/TCT,51.0,51.63,3.5097,2
2254,2255,TCT/ATT,51.0,50.08,3.4801,2
2255,2256,TCA/ATC,51.0,49.89,3.4765,2
2256,2257,TAT/GTC,51.0,51.66,3.5104,2
2257,2258,TAT/GGG,51.0,51.64,3.5100,3
2258,2259,TGG/TTA,50.9,51.20,3.5016,3
2259,2260,TGC/TCC,50.9,50.48,3.4878,2
2260,2261,TCC/AAA,50.9,50.16,3.4817,2
2261,2262,GCA/GAA,50.9,50.56,3.4894,3
2262,2263,GCT/TCA,50.9,49.74,3.4736,2
2263,2264,GTC/TCA,50.9,48.47,3.4494,3
2264,2265,TAG/TCA,50.9,49.48,3.4687,3
2265,2266,CTT/ATA,50.9,50.31,3.4845,2
2266,2267,AGA/CTA,50.9,49.57,3.4703,3
2267,2268,TGT/CTA,50.9,50.40,3.4863,2
2268,2269,GAA/GTA,50.9,51.88,3.5145,2
2269,2270,TCT/TTA,50.9,50.02,3.4789,2
2270,2271,AGT/CAC,50.9,49.72,3.4732,3
2271,2272,GTT/TAC,50.9,52.30,3.5226,2
2272,2273,TGT/TAC,50.9,50.14,3.4814,3
2273,2274,TGA/GGC,50.9,50.67,3.4914,3
2274,2275,TGC/GGC,50.9,50.21,3.4827,3
2275,2276,TGT/GTC,50.9,49.48,3.4687,3
2276,2277,AAC/CAG,50.9,52.18,3.5204,2
2277,2278,GCT/TAG,50.9,50.92,3.4961,3
2278,2279,TTT/ACG,50.9,49.15,3.4624,2
2279,2280,ATA/CCG,50.9,50.01,3.4788,3
2280,2281,GGG/GGG,50.9,50.78,3.4936,3
2281,2282,TGA/TGG,50.9,49.82,3.4752,3
2282,2283,ACC/ATG,50.9,50.94,3.4966,2
2283,2284,TAA/CTG,50.9,50.63,3.4907,2
2284,2285,AGG/GTG,50.9,50.66,3.4913,3
2285,2286,CGT/CAT,50.9,50.08,3.4802,3
2286,2287,ATC/GAT,50.9,51.41,3.5056,2
2287,2288,TCG/GAT,50.9,51.05,3.4987,3
2288,2289,GCC/CCT,50.9,52.12,3.5192,2
2289,2290,CAG/ATT,50.9,50.00,3.4787,2
2290,2291,TAT/TTT,50.9,51.23,3.5021,2
2291,2292,TAA/GAC,50.9,50.47,3.4876,3
2292,2293,GTC/GGA,50.8,50.76,3.4931,3
2293,2294,TAA/ACC,50.8,50.15,3.4815,2
2294,2295,AGT/ATC,50.8,48.01,3.4405,3
2295,2296,TCA/TGG,50.8,51.01,3.4979,2
2296,2297,CTG/AAT,50.8,51.18,3.5011,2
2297,2298,CGG/AGT,50.8,50.96,3.4970,3
2298,2299,TGG/GGA,50.8,51.19,3.5014,3
2299,2300,TTG/GTT,50.8,50.79,3.4937,3
2300,2301,AAA/AAA,50.8,50.14,3.4812,3
2301,2302,CAG/AAA,50.8,50.09,3.4804,3
2302,2303,AGG/CAA,50.8,49.77,3.4742,3
2303,2304,TAT/CAA,50.8,49.29,3.4650,2
2304,2305,TGG/CAA,50.8,50.06,3.4798,3
2305,2306,TTG/CAA,50.8,50.43,3.4868,2
2306,2307,AGG/GAA,50.8,50.08,3.4801,3
2307,2308,AAA/TAA,50.8,52.78,3.5317,2
2308,2309,GAC/TAA,50.8,50.87,3.4953,3
2309,2310,CTG/ACA,50.8,49.20,3.4634,3
2310,2311,TAT/TCA,50.8,48.92,3.4580,2
2311,2312,CCG/CGA,50.8,51.99,3.5167,2
2312,2313,GGG/GTA,50.8,50.56,3.4894,3
2313,2314,GTT/AAC,50.8,52.67,3.5296,2
2314,2315,TTA/GAC,50.8,51.01,3.4979,2
2315,2316,GAA/ACC,50.8,52.08,3.5184,3
2316,2317,GCC/CTC,50.8,52.24,3.5215,2
2317,2318,ATA/TTC,50.8,52.50,3.5265,2
2318,2319,GGA/TTC,50.8,50.90,3.4959,3
2319,2320,TAG/TAG,50.8,50.86,3.4951,3
2320,2321,CGA/TCG,50.8,52.57,3.5278,2
2321,2322,CGT/AGG,50.8,51.35,3.5044,3
2322,2323,CTT/AGG,50.8,50.64,3.4909,3
2323,2324,TCG/CGG,50.8,51.92,3.5154,2
2324,2325,AAG/GGG,50.8,50.38,3.4860,3
2325,2326,CAA/CTG,50.8,49.57,3.4705,2
2326,2327,GCT/GTG,50.8,50.08,3.4802,3
2327,2328,CAT/TTG,50.8,51.05,3.4987,2
2328,2329,CCA/AAT,50.8,50.27,3.4838,2
2329,2330,GAT/GAT,50.8,51.25,3.5024,3
2330,2331,AAT/ATT,50.8,50.47,3.4877,2
2331,2332,AAC/GTT,50.8,51.22,3.5020,2
2332,2333,GGA/GTA,50.8,50.33,3.4850,3
2333,2334,TAC/CAG,50.8,52.83,3.5327,2
2334,2335,TAG/CTG,50.8,50.46,3.4874,2
2335,2336,TAC/GGA,50.8,50.22,3.4828,3
2336,2337,GTC/TAC,50.8,51.69,3.5108,2
2337,2338,TCC/CCG,50.8,51.64,3.5100,2
2338,2339,TCC/TCG,50.8,52.19,3.5205,2
2339,2340,TCA/TCT,50.8,49.92,3.4771,2
2340,2341,AGG/GGT,50.8,50.65,3.4910,3
2341,2342,TTG/GGT,50.7,51.62,3.5096,3
2342,2343,TTC/ACT,50.7,48.84,3.4564,2
2343,2344,CAA/TGT,50.7,51.07,3.4991,2
2344,2345,TGC/TAA,50.7,52.28,3.5222,3
2345,2346,TGC/CCA,50.7,49.48,3.4687,2
2346,2347,AAG/AAA,50.7,51.20,3.5016,3
2347,2348,ATG/AAA,50.7,51.61,3.5094,2
2348,2349,AAT/CAA,50.7,49.11,3.4615,2
2349,2350,AAG/GAA,50.7,51.03,3.4983,3
2350,2351,TGG/TAA,50.7,50.45,3.4873,3
2351,2352,TCA/ACA,50.7,49.73,3.4735,2
2352,2353,TTC/ACA,50.7,48.83,3.4562,2
2353,2354,TAT/GCA,50.7,49.51,3.4693,2
2354,2355,CGC/AGA,50.7,52.63,3.5289,3
2355,2356,ATC/GGA,50.7,51.51,3.5076,3
2356,2357,GAG/GGA,50.7,50.94,3.4966,3
2357,2358,TGA/GGA,50.7,50.21,3.4827,3
2358,2359,TTG/GGA,50.7,50.89,3.4957,3
2359,2360,TGT/CAC,50.7,50.50,3.4881,3
2360,2361,GGT/TTC,50.7,50.20,3.4824,3
2361,2362,CTA/ACG,50.7,51.13,3.5001,3
2362,2363,AAT/TCG,50.7,51.95,3.5160,2
2363,2364,ACA/ATG,50.7,48.40,3.4480,3
2364,2365,GGT/GTG,50.7,50.68,3.4917,3
2365,2366,TCG/GTG,50.7,50.27,3.4838,3
2366,2367,CAG/AAT,50.7,50.81,3.4941,3
2367,2368,GCG/GAT,50.7,50.98,3.4974,3
2368,2369,AAG/ACT,50.7,50.48,3.4878,3
2369,2370,CAG/ACT,50.7,50.72,3.4924,3
2370,2371,TTA/CCT,50.7,49.38,3.4668,2
2371,2372,AAT/TCT,50.7,52.12,3.5192,2
2372,2373,ATG/AGT,50.7,50.92,3.4961,3
2373,2374,TAC/GGT,50.7,51.14,3.5004,3
2374,2375,TAA/TGT,50.7,51.83,3.5137,2
2375,2376,ATC/TTT,50.7,51.26,3.5027,2
2376,2377,CCA/TTT,50.7,49.06,3.4606,2
2377,2378,TAA/TAA,50.7,50.74,3.4929,3
2378,2379,GCA/GTA,50.7,52.04,3.5177,3
2379,2380,GAT/ACC,50.7,51.34,3.5043,3
2380,2381,GTC/ACC,50.7,50.47,3.4876,3
2381,2382,TTG/GGG,50.7,50.99,3.4976,3
2382,2383,AGT/CTG,50.7,50.43,3.4868,3
2383,2384,AGG/AAT,50.7,50.48,3.4878,3
2384,2385,AGG/CAT,50.7,49.64,3.4717,3
2385,2386,TTT/GAT,50.7,51.77,3.5126,2
2386,2387,GTG/TTT,50.7,50.63,3.4907,3
2387,2388,TAC/AAC,50.6,49.73,3.4735,2
2388,2389,ATT/TGT,50.6,53.14,3.5386,2
2389,2390,TCT/ATC,50.6,48.84,3.4564,2
2390,2391,AGG/AAA,50.6,50.64,3.4909,3
2391,2392,AGA/CAA,50.6,49.84,3.4756,3
2392,2393,TTC/GAA,50.6,51.01,3.4979,2
2393,2394,TAG/TAA,50.6,51.32,3.5039,3
2394,2395,AGA/CCA,50.6,50.83,3.4944,2
2395,2396,GCT/GCA,50.6,49.88,3.4764,2
2396,2397,GTG/GGA,50.6,51.11,3.4999,3
2397,2398,TTC/GGA,50.6,50.43,3.4868,3
2398,2399,AGG/TGA,50.6,52.18,3.5202,2
2399,2400,AGG/ATA,50.6,50.77,3.4934,3
2400,2401,TGG/CTA,50.6,50.49,3.4880,3
2401,2402,AGA/AAC,50.6,48.95,3.4585,3
2402,2403,ACG/ACC,50.6,50.74,3.4927,2
2403,2404,TTA/ACC,50.6,49.87,3.4762,2
2404,2405,GCC/CCC,50.6,52.44,3.5252,2
2405,2406,TGT/GGC,50.6,50.21,3.4827,3
2406,2407,GCA/TGC,50.6,51.95,3.5160,2
2407,2408,ACG/CTC,50.6,52.09,3.5187,2
2408,2409,GAA/GTC,50.6,51.04,3.4984,2
2409,2410,CCA/ACG,50.6,50.62,3.4904,3
2410,2411,CAA/CCG,50.6,49.99,3.4784,3
2411,2412,AGT/AGG,50.6,50.23,3.4831,3
2412,2413,AAG/TGG,50.6,51.98,3.5164,2
2413,2414,GAA/TGG,50.6,51.47,3.5067,3
2414,2415,CCA/ATG,50.6,50.45,3.4873,3
2415,2416,ACA/CTG,50.6,47.59,3.4325,3
2416,2417,ATG/CAT,50.6,50.23,3.4830,2
2417,2418,ACA/GAT,50.6,49.71,3.4730,2
2418,2419,GCT/GAT,50.6,50.23,3.4830,3
2419,2420,AAA/CCT,50.6,48.92,3.4579,2
2420,2421,AGG/AGT,50.6,49.86,3.4759,3
2421,2422,GAC/GGT,50.6,49.82,3.4752,3
2422,2423,AAG/TGT,50.6,52.89,3.5338,2
2423,2424,GAC/GTT,50.6,50.96,3.4970,2
2424,2425,TAC/GAA,50.6,50.45,3.4873,3
2425,2426,GCA/TAA,50.5,49.93,3.4774,3
2426,2427,GTA/TTA,50.5,50.95,3.4969,3
2427,2428,GCA/GAC,50.5,50.40,3.4863,3
2428,2429,TGA/TTC,50.5,50.38,3.4860,3
2429,2430,AGT/AAG,50.5,49.65,3.4719,3
2430,2431,TCA/TAT,50.5,50.97,3.4971,2
2431,2432,TAT/GGT,50.5,51.05,3.4987,3
2432,2433,AGA/AAA,50.5,49.93,3.4774,3
2433,2434,CAT/TAA,50.5,49.29,3.4651,2
2434,2435,TCG/GCA,50.5,49.34,3.4660,3
2435,2436,ATA/TCA,50.5,51.60,3.5093,2
2436,2437,TAT/CGA,50.5,48.95,3.4585,2
2437,2438,TCA/GTA,50.5,50.04,3.4794,3
2438,2439,TCG/GTA,50.5,49.95,3.4776,3
2439,2440,TAT/GAC,50.5,50.28,3.4840,3
2440,2441,TCA/GAC,50.5,50.65,3.4910,3
2441,2442,TCA/ACC,50.5,49.62,3.4713,2
2442,2443,CGA/TCC,50.5,50.50,3.4881,2
2443,2444,CGC/TGC,50.5,50.62,3.4904,3
2444,2445,CAG/AAG,50.5,49.65,3.4719,3
2445,2446,CCA/AAG,50.5,50.49,3.4880,3
2446,2447,CTT/AAG,50.5,51.18,3.5011,2
2447,2448,ATA/CAG,50.5,50.20,3.4825,2
2448,2449,ATG/TCG,50.5,52.54,3.5272,2
2449,2450,ACG/AGG,50.5,51.28,3.5031,2
2450,2451,AAT/CGG,50.5,51.28,3.5030,3
2451,2452,CAG/ATG,50.5,50.38,3.4860,2
2452,2453,CAT/CTG,50.5,49.91,3.4769,2
2453,2454,GCG/TTG,50.5,49.96,3.4779,3
2454,2455,GGT/GAT,50.5,50.14,3.4812,3
2455,2456,TAC/GAT,50.5,50.38,3.4860,3
2456,2457,CAG/TAT,50.5,49.74,3.4736,3
2457,2458,TGT/TAT,50.5,50.30,3.4844,3
2458,2459,ATC/TCT,50.5,50.70,3.4920,2
2459,2460,CAC/CGT,50.5,49.84,3.4756,3
2460,2461,AAG/CTT,50.5,50.65,3.4911,2
2461,2462,CTA/CTT,50.5,49.07,3.4608,2
2462,2463,AGA/TTA,50.5,52.88,3.5337,2
2463,2464,CCA/AGA,50.5,51.22,3.5019,2
2464,2465,CAA/TTG,50.5,50.72,3.4924,2
2465,2466,CAA/CAT,50.5,48.92,3.4580,2
2466,2467,TTT/TAT,50.5,51.56,3.5084,2
2467,2468,TTT/ACT,50.5,49.66,3.4720,2
2468,2469,GAG/GCG,50.4,50.59,3.4900,3
2469,2470,CTC/TCG,50.4,51.78,3.5127,2
2470,2471,GAG/TCG,50.4,51.05,3.4987,3
2471,2472,AGG/GGG,50.4,49.60,3.4710,3
2472,2473,TCA/GAA,50.4,50.71,3.4921,3
2473,2474,TCT/TAA,50.4,50.58,3.4897,2
2474,2475,CGA/ACA,50.4,50.83,3.4944,2
2475,2476,CCC/GCA,50.4,52.05,3.5178,2
2476,2477,AAA/TCA,50.4,52.44,3.5253,2
2477,2478,TTG/TCA,50.4,49.38,3.4667,3
2478,2479,ACG/AGA,50.4,52.35,3.5235,2
2479,2480,CTT/CGA,50.4,50.13,3.4811,2
2480,2481,AGA/ATA,50.4,49.54,3.4697,3
2481,2482,CAG/ATA,50.4,50.72,3.4924,2
2482,2483,TCC/ATA,50.4,49.39,3.4670,2
2483,2484,ATA/GTA,50.4,50.17,3.4820,3
2484,2485,TGA/TTA,50.4,50.29,3.4841,3
2485,2486,GAC/ACC,50.4,50.61,3.4903,3
2486,2487,GCT/ATC,50.4,50.83,3.4944,3
2487,2488,AAA/GTC,50.4,51.30,3.5034,2
2488,2489,ACC/ACG,50.4,49.81,3.4751,2
2489,2490,ATG/ACG,50.4,49.80,3.4748,3
2490,2491,AAG/CCG,50.4,49.69,3.4726,3
2491,2492,ACC/GCG,50.4,50.48,3.4878,2
2492,2493,CAG/CGG,50.4,48.94,3.4583,3
2493,2494,GTA/TGG,50.4,50.73,3.4926,3
2494,2495,TCT/GTG,50.4,49.80,3.4748,3
2495,2496,TGT/TTG,50.4,50.32,3.4847,3
2496,2497,GAC/GAT,50.4,49.86,3.4759,3
2497,2498,GCG/TCT,50.4,50.62,3.4904,3
2498,2499,AAT/AGT,50.4,50.65,3.4911,3
2499,2500,TGT/GGT,50.4,49.92,3.4771,3
2500,2501,CCA/ATT,50.4,50.15,3.4815,2
2501,2502,TGT/GTT,50.4,50.37,3.4857,3
2502,2503,CAG/TTT,50.4,50.17,3.4818,2
2503,2504,TAC/TTT,50.4,50.00,3.4787,2
2504,2505,TTC/TAA,50.4,50.80,3.4939,2
2505,2506,TAC/TAA,50.4,50.32,3.4847,3
2506,2507,TGC/GAT,50.4,50.49,3.4880,3
2507,2508,CTG/ACG,50.4,49.37,3.4666,3
2508,2509,ACT/AGG,50.4,51.96,3.5161,2
2509,2510,AGG/ATG,50.4,50.53,3.4887,3
2510,2511,AGT/GTG,50.4,50.29,3.4843,3
2511,2512,GTT/TTG,50.4,50.07,3.4799,3
2512,2513,CGG/AAT,50.4,50.38,3.4858,3
2513,2514,GTG/GTT,50.4,50.90,3.4959,3
2514,2515,GGT/TTT,50.4,48.25,3.4451,3
2515,2516,TCA/GTC,50.3,49.48,3.4687,3
2516,2517,CTA/AAA,50.3,50.06,3.4798,2
2517,2518,TTA/CAA,50.3,49.32,3.4655,2
2518,2519,CGT/TAA,50.3,49.17,3.4628,2
2519,2520,AAT/ACA,50.3,48.61,3.4520,2
2520,2521,GAA/TCA,50.3,50.52,3.4886,3
2521,2522,GCG/TCA,50.3,51.24,3.5023,3
2522,2523,TTT/TCA,50.3,49.72,3.4733,2
2523,2524,AAG/AGA,50.3,50.90,3.4959,3
2524,2525,ACG/CGA,50.3,51.98,3.5164,2
2525,2526,CTA/CGA,50.3,50.07,3.4799,3
2526,2527,AAG/GGA,50.3,49.92,3.4771,3
2527,2528,AGG/GGA,50.3,50.37,3.4857,3
2528,2529,AAG/CTA,50.3,51.36,3.5046,2
2529,2530,TCT/CTA,50.3,48.86,3.4567,2
2530,2531,AAA/GTA,50.3,52.13,3.5194,2
2531,2532,ATC/TTA,50.3,52.06,3.5180,2
2532,2533,GTG/TTA,50.3,50.39,3.4861,3
2533,2534,AAT/TAC,50.3,51.63,3.5098,2
2534,2535,TTA/TAC,50.3,50.79,3.4937,2
2535,2536,AGT/ACC,50.3,50.27,3.4838,2
2536,2537,CCA/AGC,50.3,50.62,3.4904,2
2537,2538,TTC/ATC,50.3,49.07,3.4608,2
2538,2539,AAT/GTC,50.3,51.24,3.5023,2
2539,2540,ATG/AAG,50.3,50.40,3.4863,2
2540,2541,CAA/TAG,50.3,50.61,3.4903,3
2541,2542,AAT/CCG,50.3,49.75,3.4739,3
2542,2543,CCC/CCG,50.3,51.49,3.5071,2
2543,2544,TAG/GCG,50.3,50.38,3.4858,3
2544,2545,ATT/AGG,50.3,50.41,3.4864,3
2545,2546,CAT/CGG,50.3,50.50,3.4883,3
2546,2547,CGT/CGG,50.3,51.03,3.4983,3
2547,2548,ATT/GGG,50.3,50.27,3.4838,3
2548,2549,TTA/TGG,50.3,49.26,3.4644,3
2549,2550,TGG/CTG,50.3,49.54,3.4697,3
2550,2551,AAT/GAT,50.3,50.10,3.4805,3
2551,2552,CAT/TAT,50.3,49.46,3.4683,3
2552,2553,ATG/GCT,50.3,50.23,3.4830,3
2553,2554,AAC/TGT,50.3,51.63,3.5098,2
2554,2555,ATG/GTT,50.3,50.33,3.4850,3
2555,2556,TCG/GTT,50.3,50.23,3.4831,3
2556,2557,GGC/TTA,50.3,49.99,3.4784,3
2557,2558,ATT/AAT,50.3,50.39,3.4861,2
2558,2559,GAT/GGT,50.3,51.45,3.5063,3
2559,2560,TAA/TAC,50.3,50.40,3.4863,3
2560,2561,AGA/AGC,50.3,49.11,3.4615,3
2561,2562,AGG/AAG,50.3,50.43,3.4868,3
2562,2563,TGA/CAG,50.3,52.32,3.5229,3
2563,2564,AGG/AGG,50.3,49.77,3.4742,3
2564,2565,ACT/CGG,50.3,51.60,3.5091,2
2565,2566,AAC/TAT,50.3,51.90,3.5150,2
2566,2567,GTT/GGT,50.3,50.46,3.4874,3
2567,2568,AGG/ATT,50.3,50.16,3.4817,3
2568,2569,TTC/ATT,50.2,49.66,3.4720,2
2569,2570,ATA/AAA,50.2,50.53,3.4887,2
2570,2571,CGG/AAA,50.2,50.36,3.4855,3
2571,2572,AAC/TAA,50.2,52.38,3.5242,2
2572,2573,CGA/TCA,50.2,50.66,3.4913,2
2573,2574,CGG/AGA,50.2,50.64,3.4909,3
2574,2575,ATA/ATA,50.2,50.29,3.4843,3
2575,2576,TGA/CTA,50.2,49.65,3.4719,3
2576,2577,GAC/GTA,50.2,50.70,3.4920,2
2577,2578,CTT/TTA,50.2,49.23,3.4638,2
2578,2579,AGT/GAC,50.2,48.04,3.4411,3
2579,2580,ATA/GAC,50.2,51.90,3.5150,2
2580,2581,GCA/TAC,50.2,49.96,3.4779,3
2581,2582,TAT/TAC,50.2,49.71,3.4730,3
2582,2583,TAT/ACC,50.2,49.39,3.4670,2
2583,2584,CAT/AAG,50.2,50.38,3.4860,3
2584,2585,TAA/CAG,50.2,50.77,3.4933,3
2585,2586,AAG/GCG,50.2,49.66,3.4720,3
2586,2587,GTA/TCG,50.2,51.31,3.5037,3
2587,2588,ACG/CGG,50.2,50.91,3.4960,2
2588,2589,AGT/CGG,50.2,50.18,3.4821,3
2589,2590,CGA/TTG,50.2,49.50,3.4692,3
2590,2591,CTG/TAT,50.2,50.65,3.4910,2
2591,2592,CAT/ACT,50.2,50.18,3.4821,3
2592,2593,GCT/ACT,50.2,50.29,3.4841,3
2593,2594,ATA/CCT,50.2,48.06,3.4415,2
2594,2595,ATC/AGT,50.2,48.49,3.4498,3
2595,2596,GAC/TGT,50.2,49.50,3.4692,3
2596,2597,GAT/TAC,50.1,50.26,3.4837,3
2597,2598,AGT/AGC,50.1,48.76,3.4550,3
2598,2599,AGA/CGC,50.1,52.04,3.5177,3
2599,2600,AGT/CTC,50.1,49.34,3.4660,3
2600,2601,TAA/TTC,50.1,50.08,3.4801,2
2601,2602,GTG/GTG,50.1,50.43,3.4868,3
2602,2603,AGT/CCT,50.1,50.02,3.4789,2
2603,2604,AAC/TCT,50.1,50.74,3.4929,2
2604,2605,AGG/CGT,50.1,49.78,3.4745,3
2605,2606,CGA/TGT,50.1,50.47,3.4876,2
2606,2607,TTT/GTT,50.1,50.06,3.4798,3
2607,2608,TAC/TTA,50.1,49.73,3.4735,2
2608,2609,CAA/CCT,50.1,49.57,3.4705,2
2609,2610,TCT/GTT,50.1,49.40,3.4671,3
2610,2611,TAT/TTC,50.1,50.02,3.4789,2
2611,2612,TAA/TCG,50.1,51.42,3.5059,3
2612,2613,TTC/TAT,50.1,50.29,3.4841,2
2613,2614,TTG/TTT,50.1,50.20,3.4824,3
2614,2615,CCA/AAA,50.1,48.78,3.4553,3
2615,2616,CGC/AAA,50.1,50.07,3.4799,3
2616,2617,CAG/ACA,50.1,49.63,3.4716,3
2617,2618,GAG/GCA,50.1,50.57,3.4896,3
2618,2619,ATC/AGA,50.1,49.69,3.4726,3
2619,2620,CAG/AGA,50.1,49.76,3.4741,3
2620,2621,ATG/GGA,50.1,49.99,3.4785,3
2621,2622,GGG/GGA,50.1,49.83,3.4753,3
2622,2623,AGA/GTA,50.1,50.53,3.4888,3
2623,2624,GCG/GTA,50.1,50.22,3.4828,3
2624,2625,CAG/TTA,50.1,50.89,3.4956,2
2625,2626,TTG/TTA,50.1,49.95,3.4776,3
2626,2627,AGA/CAC,50.1,48.64,3.4525,3
2627,2628,CGA/ATC,50.1,50.78,3.4936,3
2628,2629,CGA/CTC,50.1,48.28,3.4457,3
2629,2630,TGC/TTC,50.1,49.98,3.4782,3
2630,2631,CGA/CAG,50.1,53.04,3.5367,3
2631,2632,CAT/TAG,50.1,49.67,3.4723,3
2632,2633,CTT/TAG,50.1,50.65,3.4910,2
2633,2634,ATG/AGG,50.1,50.41,3.4864,3
2634,2635,CAG/TTG,50.1,50.55,3.4891,2
2635,2636,AAT/AAT,50.1,50.83,3.4944,3
2636,2637,CAT/AAT,50.1,50.20,3.4824,3
2637,2638,AAG/CAT,50.1,49.59,3.4707,3
2638,2639,CCA/TAT,50.1,49.54,3.4699,2
2639,2640,GAC/TAT,50.1,50.37,3.4857,3
2640,2641,TAC/TAT,50.1,50.04,3.4794,3
2641,2642,TAA/CCT,50.1,50.35,3.4854,2
2642,2643,TGT/CCT,50.1,49.87,3.4761,2
2643,2644,ACG/GCT,50.1,47.13,3.4237,3
2644,2645,AAC/GGT,50.1,49.26,3.4644,3
2645,2646,TGC/GGT,50.1,49.61,3.4712,3
2646,2647,GCC/TGT,50.1,51.48,3.5069,2
2647,2648,GCC/ATT,50.1,50.89,3.4956,3
2648,2649,AAT/CTT,50.1,49.87,3.4761,2
2649,2650,TGG/CTT,50.1,49.40,3.4671,3
2650,2651,TAG/CAT,50.1,49.84,3.4756,3
2651,2652,TAG/CTT,50.1,50.08,3.4801,2
2652,2653,GTC/GAC,50.1,51.00,3.4977,2
2653,2654,TCA/TTG,50.1,50.65,3.4910,3
2654,2655,CGG/CAT,50.1,49.89,3.4765,3
2655,2656,TCA/CAT,50.1,49.21,3.4635,2
2656,2657,CGT/ACT,50.1,50.02,3.4789,2
2657,2658,CCC/AGT,50.1,50.12,3.4810,2
2658,2659,TTG/GTG,50.1,50.54,3.4890,3
2659,2660,TTG/CAT,50.1,50.45,3.4873,2
2660,2661,TTG/GCT,50.1,50.07,3.4799,3
2661,2662,TTG/TCT,50.1,49.96,3.4778,3
2662,2663,TTA/CGT,50.1,49.99,3.4784,2
2663,2664,CCT/AAA,50.0,49.69,3.4726,2
2664,2665,CGA/AAA,50.0,50.52,3.4886,3
2665,2666,CGG/CAA,50.0,49.23,3.4640,3
2666,2667,TGA/CAA,50.0,49.55,3.4700,3
2667,2668,ATC/GAA,50.0,51.90,3.5150,2
2668,2669,GCG/GAA,50.0,50.67,3.4914,3
2669,2670,GCG/TAA,50.0,50.44,3.4871,3
2670,2671,CGC/ACA,50.0,49.63,3.4716,2
2671,2672,CAT/CGA,50.0,50.87,3.4953,2
2672,2673,GAC/GGA,50.0,49.91,3.4769,3
2673,2674,TGC/GGA,50.0,50.41,3.4864,3
2674,2675,TTA/GGA,50.0,50.49,3.4880,3
2675,2676,GTG/GTA,50.0,50.32,3.4848,3
2676,2677,TTA/TTA,50.0,49.88,3.4764,3
2677,2678,CTC/AGC,50.0,48.53,3.4505,3
2678,2679,GGA/GGC,50.0,50.54,3.4890,3
2679,2680,GGT/GGC,50.0,50.03,3.4792,3
2680,2681,GAT/GTC,50.0,50.98,3.4973,2
2681,2682,GAT/GCG,50.0,49.48,3.4687,3
2682,2683,TCG/GCG,50.0,50.86,3.4951,3
2683,2684,ATA/TCG,50.0,53.82,3.5516,2
2684,2685,ATG/GGG,50.0,50.42,3.4867,3
2685,2686,TTA/CTG,50.0,49.95,3.4776,3
2686,2687,GCG/TAT,50.0,50.31,3.4845,3
2687,2688,AAT/CGT,50.0,50.44,3.4870,3
2688,2689,TCT/CGT,50.0,50.98,3.4973,2
2689,2690,ATC/GGT,50.0,49.75,3.4739,3
2690,2691,TAA/CAA,50.0,49.13,3.4619,3
2691,2692,TAC/ACC,50.0,48.32,3.4465,2
2692,2693,TGA/CTC,50.0,49.99,3.4784,3
2693,2694,GTG/TTG,50.0,50.38,3.4860,3
2694,2695,AGT/GAT,50.0,49.24,3.4641,3
2695,2696,TTC/GAT,50.0,50.50,3.4883,2
2696,2697,GTT/TCT,50.0,49.49,3.4689,3
2697,2698,CGG/CGG,50.0,50.39,3.4861,3
2698,2699,TAC/GTC,49.9,49.96,3.4778,2
2699,2700,TAA/TGG,49.9,50.22,3.4828,3
2700,2701,TGC/GTA,49.9,49.63,3.4715,3
2701,2702,CAA/AAA,49.9,49.78,3.4743,3
2702,2703,TAG/CAA,49.9,49.19,3.4631,3
2703,2704,GAC/GAA,49.9,49.89,3.4765,3
2704,2705,CTG/TAA,49.9,50.62,3.4906,2
2705,2706,CAT/ACA,49.9,48.78,3.4553,2
2706,2707,CTT/ACA,49.9,49.64,3.4717,2
2707,2708,TAG/GCA,49.9,50.27,3.4838,3
2708,2709,GAC/TCA,49.9,49.15,3.4624,3
2709,2710,GCA/TCA,49.9,49.11,3.4615,3
2710,2711,CGA/AGA,49.9,49.39,3.4670,3
2711,2712,CGG/CGA,49.9,49.69,3.4728,3
2712,2713,CTG/CGA,49.9,49.07,3.4609,3
2713,2714,TGT/CGA,49.9,49.56,3.4702,2
2714,2715,GAA/GGA,49.9,50.60,3.4901,3
2715,2716,AAA/ATA,49.9,50.18,3.4821,2
2716,2717,CGG/ATA,49.9,49.78,3.4745,3
2717,2718,CTT/CTA,49.9,49.05,3.4605,2
2718,2719,TTC/GTA,49.9,49.24,3.4641,3
2719,2720,ATT/GAC,49.9,51.41,3.5056,2
2720,2721,GTT/GAC,49.9,51.63,3.5098,2
2721,2722,TCT/GAC,49.9,49.69,3.4728,3
2722,2723,AAA/TAC,49.9,52.53,3.5270,2
2723,2724,GAA/TAC,49.9,50.89,3.4957,3
2724,2725,TCT/ACC,49.9,48.48,3.4496,2
2725,2726,ACG/CCC,49.9,49.66,3.4722,2
2726,2727,TGC/CCC,49.9,48.15,3.4433,2
2727,2728,AAA/TCC,49.9,51.84,3.5138,2
2728,2729,ATT/TCC,49.9,50.75,3.4930,2
2729,2730,AGT/CGC,49.9,51.62,3.5096,3
2730,2731,GTA/GTC,49.9,49.69,3.4726,3
2731,2732,TGT/TTC,49.9,49.68,3.4725,3
2732,2733,ACA/AAG,49.9,48.83,3.4562,3
2733,2734,TTA/GCG,49.9,50.83,3.4946,3
2734,2735,AGG/CGG,49.9,50.25,3.4834,3
2735,2736,ATG/ATG,49.9,49.70,3.4729,3
2736,2737,ACC/CTG,49.9,50.48,3.4878,2
2737,2738,ACG/TTG,49.9,52.37,3.5239,2
2738,2739,CCA/TCT,49.9,48.60,3.4518,2
2739,2740,AAC/AGT,49.9,48.99,3.4593,3
2740,2741,CGG/CGT,49.9,50.92,3.4961,3
2741,2742,GTC/GGT,49.9,49.54,3.4699,3
2742,2743,CCG/TGT,49.9,50.84,3.4947,2
2743,2744,GGT/GTT,49.9,49.96,3.4778,3
2744,2745,CGG/AAG,49.9,50.44,3.4871,3
2745,2746,TGA/TGT,49.9,49.14,3.4622,2
2746,2747,GTC/GTA,49.8,49.56,3.4702,3
2747,2748,CGT/ACC,49.8,49.54,3.4699,2
2748,2749,ATC/TTC,49.8,51.35,3.5044,2
2749,2750,CTG/AAG,49.8,49.93,3.4772,2
2750,2751,GTT/GCT,49.8,49.63,3.4715,3
2751,2752,CTA/TAG,49.8,50.62,3.4906,2
2752,2753,CCG/AAA,49.8,49.10,3.4614,3
2753,2754,AAC/TCA,49.8,50.95,3.4969,2
2754,2755,CGC/TCA,49.8,49.47,3.4684,2
2755,2756,AAG/CGA,49.8,50.18,3.4821,3
2756,2757,TCG/TGA,49.8,51.79,3.5128,2
2757,2758,ATG/ATA,49.8,50.08,3.4802,3
2758,2759,CTG/ATA,49.8,49.90,3.4768,3
2759,2760,CGA/ACC,49.8,50.66,3.4913,2
2760,2761,ATA/TCC,49.8,51.69,3.5108,2
2761,2762,CAT/AGC,49.8,50.62,3.4906,3
2762,2763,GCA/GTC,49.8,49.87,3.4762,3
2763,2764,ACG/TAG,49.8,51.42,3.5059,2
2764,2765,GAT/TCG,49.8,50.50,3.4881,3
2765,2766,GTG/TCG,49.8,50.35,3.4854,3
2766,2767,ATG/GTG,49.8,49.99,3.4785,3
2767,2768,CTT/AAT,49.8,49.92,3.4771,2
2768,2769,GCC/ACT,49.8,50.12,3.4810,3
2769,2770,TCT/ACT,49.8,49.07,3.4608,2
2770,2771,GGT/GGT,49.8,49.69,3.4726,3
2771,2772,ATG/ATT,49.8,49.93,3.4774,3
2772,2773,TAC/GAC,49.8,48.91,3.4577,3
2773,2774,TTT/GGT,49.8,50.26,3.4837,3
2774,2775,GCT/ACC,49.8,50.30,3.4844,3
2775,2776,AGA/GGC,49.8,49.64,3.4717,3
2776,2777,TCC/CAG,49.8,52.54,3.5272,2
2777,2778,AGT/ATG,49.8,49.51,3.4693,3
2778,2779,CGG/ATG,49.8,50.38,3.4858,3
2779,2780,CGT/AGT,49.8,49.80,3.4748,3
2780,2781,TCT/CAA,49.7,48.80,3.4557,2
2781,2782,TCA/TAA,49.7,49.72,3.4732,3
2782,2783,TCG/TAA,49.7,49.99,3.4784,3
2783,2784,AAA/ACA,49.7,47.42,3.4293,3
2784,2785,AAG/ACA,49.7,47.87,3.4379,3
2785,2786,TCT/GCA,49.7,48.98,3.4592,2
2786,2787,ATC/TCA,49.7,50.68,3.4916,2
2787,2788,TCA/CGA,49.7,50.22,3.4828,2
2788,2789,CGG/CTA,49.7,48.42,3.4485,3
2789,2790,ATG/GTA,49.7,49.81,3.4751,3
2790,2791,TCC/AAC,49.7,49.62,3.4713,2
2791,2792,GAA/GAC,49.7,50.02,3.4789,3
2792,2793,TCA/TAC,49.7,49.38,3.4667,3
2793,2794,GAA/GCC,49.7,49.69,3.4726,3
2794,2795,CGT/TCC,49.7,49.38,3.4667,2
2795,2796,GTA/TCC,49.7,49.60,3.4709,3
2796,2797,GCC/ATC,49.7,50.65,3.4911,3
2797,2798,TTA/GTC,49.7,49.71,3.4730,3
2798,2799,GTA/TTC,49.7,49.57,3.4705,3
2799,2800,CGT/AAG,49.7,49.72,3.4733,3
2800,2801,CCA/TAG,49.7,49.66,3.4722,3
2801,2802,CCT/ACG,49.7,48.80,3.4557,3
2802,2803,TTA/CCG,49.7,49.66,3.4722,3
2803,2804,AAT/GCG,49.7,49.95,3.4776,3
2804,2805,CCC/TCG,49.7,51.48,3.5070,2
2805,2806,CTG/CGG,49.7,49.03,3.4601,3
2806,2807,TCG/TGG,49.7,50.72,3.4924,2
2807,2808,CAG/CTG,49.7,49.40,3.4671,2
2808,2809,CTA/TTG,49.7,50.14,3.4812,3
2809,2810,AAT/CAT,49.7,49.20,3.4634,3
2810,2811,CTA/CCT,49.7,48.63,3.4524,2
2811,2812,ATC/TGT,49.7,52.13,3.5194,2
2812,2813,GAG/TGT,49.7,50.24,3.4833,3
2813,2814,CAT/ATT,49.7,49.20,3.4632,2
2814,2815,CCA/CTT,49.7,48.47,3.4494,2
2815,2816,GCG/GTT,49.7,50.59,3.4900,3
2816,2817,TAA/TCA,49.7,48.93,3.4582,3
2817,2818,AGT/GGC,49.7,48.82,3.4560,3
2818,2819,TAA/GGC,49.7,49.95,3.4776,3
2819,2820,CGG/TAT,49.7,49.78,3.4743,3
2820,2821,CCG/ACT,49.7,49.95,3.4776,3
2821,2822,ACA/GCT,49.7,48.15,3.4433,2
2822,2823,AGC/GCT,49.7,52.14,3.5195,2
2823,2824,CGT/TCT,49.7,49.85,3.4758,2
2824,2825,AGT/CTT,49.7,48.58,3.4515,3
2825,2826,GTT/TTT,49.7,50.06,3.4798,3
2826,2827,GGA/GGA,49.7,49.66,3.4720,3
2827,2828,TTT/GTG,49.6,50.23,3.4830,3
2828,2829,TCC/ACA,49.6,48.32,3.4465,2
2829,2830,CAG/TCA,49.6,48.68,3.4534,3
2830,2831,AGG/CGA,49.6,50.74,3.4927,3
2831,2832,CTC/CGA,49.6,48.39,3.4479,3
2832,2833,ATA/GGA,49.6,49.70,3.4729,3
2833,2834,ATG/TGA,49.6,53.49,3.5454,2
2834,2835,CTA/ATA,49.6,49.82,3.4752,3
2835,2836,ATT/CTA,49.6,49.47,3.4686,2
2836,2837,AGT/AAC,49.6,47.97,3.4398,3
2837,2838,CGA/AAC,49.6,49.20,3.4632,3
2838,2839,TTT/GAC,49.6,50.50,3.4883,2
2839,2840,GTT/ACC,49.6,50.63,3.4907,3
2840,2841,CGA/CCC,49.6,50.21,3.4827,2
2841,2842,GTA/GCC,49.6,49.93,3.4774,3
2842,2843,AAT/TCC,49.6,51.28,3.5031,2
2843,2844,CAA/AGC,49.6,48.80,3.4557,3
2844,2845,CCT/AGC,49.6,50.04,3.4794,2
2845,2846,GGC/GGC,49.6,49.89,3.4765,3
2846,2847,ACC/TGC,49.6,53.87,3.5526,1
2847,2848,GAC/TTC,49.6,50.50,3.4881,2
2848,2849,CCG/ACG,49.6,49.60,3.4709,3
2849,2850,TGG/CGG,49.6,49.31,3.4654,3
2850,2851,CTA/CTG,49.6,49.77,3.4742,3
2851,2852,GCT/TTG,49.6,49.63,3.4716,3
2852,2853,TCG/TAT,49.6,50.23,3.4830,3
2853,2854,AAT/ACT,49.6,49.38,3.4668,3
2854,2855,CAG/CCT,49.6,49.25,3.4643,3
2855,2856,CTT/AGT,49.6,49.69,3.4726,3
2856,2857,AAC/ATT,49.6,49.23,3.4638,2
2857,2858,CAG/CTT,49.6,49.01,3.4596,2
2858,2859,CAT/TTT,49.6,49.37,3.4666,2
2859,2860,TAC/TAC,49.6,49.62,3.4713,3
2860,2861,GTT/GCG,49.6,49.97,3.4781,3
2861,2862,GTT/GTG,49.6,50.17,3.4820,3
2862,2863,AGT/AAT,49.6,48.70,3.4538,3
2863,2864,CTG/ATT,49.6,49.81,3.4751,3
2864,2865,CCT/ATA,49.6,49.69,3.4728,2
2865,2866,GGC/GGT,49.6,49.20,3.4634,3
2866,2867,GGC/GTA,49.5,49.19,3.4631,3
2867,2868,ATT/AGT,49.5,49.15,3.4624,3
2868,2869,TAA/GCA,49.5,49.86,3.4759,3
2869,2870,TAA/GCC,49.5,49.35,3.4663,3
2870,2871,GAT/TCC,49.5,50.61,3.4903,3
2871,2872,TGA/CGC,49.5,51.81,3.5133,3
2872,2873,TCC/ATC,49.5,48.49,3.4498,2
2873,2874,TCT/GTC,49.5,48.67,3.4531,3
2874,2875,TTT/GTC,49.5,49.09,3.4612,3
2875,2876,CCG/AAT,49.5,49.44,3.4680,3
2876,2877,ATG/ACA,49.5,49.78,3.4745,3
2877,2878,ATT/ACA,49.5,49.13,3.4619,2
2878,2879,CGA/CCA,49.5,50.38,3.4858,2
2879,2880,TCT/TCA,49.5,48.07,3.4418,2
2880,2881,CGA/CTA,49.5,48.76,3.4549,3
2881,2882,AGC/TAC,49.5,52.70,3.5302,2
2882,2883,GAA/TCC,49.5,50.15,3.4815,3
2883,2884,GCT/TGC,49.5,51.39,3.5051,2
2884,2885,AAA/ATC,49.5,49.30,3.4653,2
2885,2886,AGC/GTC,49.5,48.75,3.4547,3
2886,2887,GGC/TTC,49.5,49.17,3.4627,3
2887,2888,CAC/CAG,49.5,51.13,3.5003,2
2888,2889,CAG/CCG,49.5,48.04,3.4411,3
2889,2890,GGG/TGG,49.5,48.68,3.4534,3
2890,2891,CCA/CTG,49.5,49.08,3.4611,3
2891,2892,TCG/TTG,49.5,49.58,3.4706,3
2892,2893,CAG/CAT,49.5,47.84,3.4373,3
2893,2894,AAT/GCT,49.5,47.48,3.4305,3
2894,2895,TGG/CGT,49.5,49.25,3.4643,3
2895,2896,CAC/TGT,49.5,48.13,3.4428,3
2896,2897,TAC/GGC,49.5,49.53,3.4696,3
2897,2898,GGC/GGA,49.5,49.86,3.4759,3
2898,2899,ATT/GGT,49.5,49.34,3.4660,3
2899,2900,CGT/TGA,49.5,48.88,3.4572,2
2900,2901,GAT/GAC,49.5,49.66,3.4720,3
2901,2902,CTG/TCT,49.5,48.88,3.4572,3
2902,2903,CGC/AGT,49.5,51.98,3.5164,3
2903,2904,TTT/TTT,49.5,49.20,3.4632,3
2904,2905,TCA/GCC,49.4,48.88,3.4572,3
2905,2906,TAT/GCG,49.4,49.60,3.4710,3
2906,2907,TCA/GCG,49.4,50.85,3.4949,3
2907,2908,ATC/AAA,49.4,49.60,3.4710,2
2908,2909,TGC/CAA,49.4,50.02,3.4791,3
2909,2910,AAT/GCA,49.4,48.61,3.4521,2
2910,2911,CTT/TCA,49.4,48.76,3.4549,2
2911,2912,AGG/AGA,49.4,49.95,3.4776,3
2912,2913,CAC/AGA,49.4,49.01,3.4598,3
2913,2914,AGA/CGA,49.4,48.54,3.4507,3
2914,2915,ATT/CGA,49.4,49.08,3.4611,2
2915,2916,AAA/GAC,49.4,49.28,3.4648,3
2916,2917,TTC/ACC,49.4,48.33,3.4467,2
2917,2918,TTT/ACC,49.4,48.89,3.4575,2
2918,2919,TGT/CCC,49.4,49.38,3.4668,2
2919,2920,TGT/CGC,49.4,51.54,3.5080,3
2920,2921,ACC/GGC,49.4,51.45,3.5064,2
2921,2922,GTA/GGC,49.4,50.46,3.4874,3
2922,2923,ATA/ATC,49.4,49.29,3.4651,3
2923,2924,CAG/TAG,49.4,48.93,3.4582,3
2924,2925,ATT/ATG,49.4,49.29,3.4650,3
2925,2926,ACG/GTG,49.4,48.61,3.4520,3
2926,2927,CCA/TTG,49.4,49.38,3.4668,3
2927,2928,TCC/AAT,49.4,49.87,3.4762,2
2928,2929,CCA/CAT,49.4,48.23,3.4447,2
2929,2930,AAG/CCT,49.4,48.31,3.4463,3
2930,2931,TCG/TCT,49.4,49.17,3.4627,3
2931,2932,AAT/GGT,49.4,50.40,3.4863,3
2932,2933,GGG/TGT,49.4,50.08,3.4801,3
2933,2934,TCC/ATT,49.4,48.89,3.4575,2
2934,2935,GCT/GAC,49.4,49.14,3.4622,3
2935,2936,CTG/TAG,49.4,49.38,3.4668,2
2936,2937,CGG/CTG,49.4,49.38,3.4668,3
2937,2938,TGC/TAT,49.4,49.97,3.4781,3
2938,2939,CGG/ATT,49.4,50.16,3.4817,3
2939,2940,GTT/GTT,49.4,49.98,3.4782,3
2940,2941,TTA/TGT,49.4,49.41,3.4674,2
2941,2942,ATG/CAA,49.3,50.20,3.4825,2
2942,2943,TTC/CAA,49.3,48.36,3.4473,2
2943,2944,AAA/GAA,49.3,50.36,3.4855,3
2944,2945,TAT/CCA,49.3,48.33,3.4466,2
2945,2946,AGC/GCA,49.3,53.05,3.5370,2
2946,2947,TTT/GCA,49.3,50.06,3.4798,2
2947,2948,CAT/TCA,49.3,47.98,3.4399,2
2948,2949,TGG/CGA,49.3,48.51,3.4501,3
2949,2950,ACT/GTA,49.3,50.08,3.4802,2
2950,2951,TGC/TTA,49.3,49.31,3.4654,3
2951,2952,CAA/AAC,49.3,49.18,3.4630,3
2952,2953,AGT/CCC,49.3,49.54,3.4699,2
2953,2954,CAA/ATC,49.3,48.00,3.4404,2
2954,2955,ATA/GTC,49.3,49.48,3.4687,3
2955,2956,CCG/AAG,49.3,49.46,3.4683,3
2956,2957,TAG/TCG,49.3,50.24,3.4833,3
2957,2958,TGT/CTG,49.3,48.73,3.4544,3
2958,2959,TCT/TTG,49.3,48.92,3.4579,3
2959,2960,CCA/CCT,49.3,48.20,3.4443,2
2960,2961,TGC/CCT,49.3,48.51,3.4501,2
2961,2962,CAG/TGT,49.3,49.52,3.4694,3
2962,2963,CGT/AAC,49.3,50.27,3.4838,3
2963,2964,GAT/GCC,49.3,50.83,3.4944,3
2964,2965,TCA/CGC,49.3,49.62,3.4713,2
2965,2966,TAC/TTC,49.3,48.24,3.4450,2
2966,2967,CTG/ATG,49.3,49.45,3.4681,3
2967,2968,TCA/CTG,49.3,49.58,3.4706,3
2968,2969,TAT/CAT,49.3,49.75,3.4738,3
2969,2970,AGT/CGT,49.3,48.58,3.4514,3
2970,2971,CCT/CGT,49.3,49.96,3.4778,2
2971,2972,CGT/CGT,49.3,49.01,3.4598,3
2972,2973,CTG/CGT,49.3,49.61,3.4712,3
2973,2974,TTC/GGT,49.3,49.11,3.4615,3
2974,2975,TAC/TCA,49.3,47.72,3.4351,3
2975,2976,ATT/CAT,49.3,48.95,3.4585,2
2976,2977,ATT/GTT,49.3,48.97,3.4589,3
2977,2978,GCA/TTA,49.2,49.86,3.4759,3
2978,2979,GTC/TTA,49.2,49.11,3.4615,3
2979,2980,CGT/CCC,49.2,49.07,3.4609,2
2980,2981,GTT/TCC,49.2,48.39,3.4478,3
2981,2982,AAC/AAT,49.2,48.92,3.4579,3
2982,2983,TAT/GCT,49.2,49.78,3.4745,3
2983,2984,GTC/TCT,49.2,48.42,3.4485,3
2984,2985,AGT/GTT,49.2,49.54,3.4697,3
2985,2986,CCA/ACA,49.2,48.55,3.4508,3
2986,2987,AAG/GCA,49.2,48.73,3.4544,3
2987,2988,TTG/GCA,49.2,49.73,3.4735,3
2988,2989,CGA/CGA,49.2,48.73,3.4544,3
2989,2990,AGA/GGA,49.2,49.66,3.4720,3
2990,2991,AAC/GTA,49.2,50.96,3.4970,2
2991,2992,TCG/TTA,49.2,49.00,3.4595,3
2992,2993,TTC/TAC,49.2,49.63,3.4716,2
2993,2994,TTT/TAC,49.2,50.29,3.4841,2
2994,2995,CGC/ACC,49.2,48.30,3.4462,2
2995,2996,GCA/TCC,49.2,49.60,3.4710,3
2996,2997,AAA/AGC,49.2,49.48,3.4687,3
2997,2998,TAT/GGC,49.2,49.60,3.4710,3
2998,2999,AAT/ATC,49.2,49.24,3.4641,2
2999,3000,TGC/CTC,49.2,49.03,3.4601,3
3000,3001,AGC/TTC,49.2,51.74,3.5120,2
3001,3002,CGT/TAG,49.2,47.79,3.4363,3
3002,3003,TAG/CCG,49.2,48.94,3.4583,3
3003,3004,CGA/TGG,49.2,49.66,3.4720,3
3004,3005,GAT/TGG,49.2,49.71,3.4730,3
3005,3006,ATT/GTG,49.2,49.60,3.4709,3
3006,3007,GCT/TAT,49.2,49.49,3.4689,3
3007,3008,ACG/TCT,49.2,51.92,3.5153,2
3008,3009,GCT/GTT,49.2,49.62,3.4713,3
3009,3010,TCG/TTT,49.2,49.17,3.4628,3
3010,3011,TGT/TTT,49.2,49.01,3.4598,3
3011,3012,TAG/CGT,49.2,50.00,3.4787,3
3012,3013,TAG/CCT,49.2,50.11,3.4808,3
3013,3014,CGT/ATG,49.1,49.42,3.4676,3
3014,3015,CGT/AAT,49.1,49.38,3.4668,3
3015,3016,CCG/TCT,49.1,48.74,3.4546,3
3016,3017,AGT/AGT,49.1,48.26,3.4453,3
3017,3018,CGG/CTT,49.1,49.70,3.4729,3
3018,3019,ACT/AGT,49.1,50.32,3.4848,2
3019,3020,CAC/AAA,49.1,49.08,3.4611,3
3020,3021,CAT/CAA,49.1,47.69,3.4344,2
3021,3022,CAA/ACA,49.1,48.99,3.4593,3
3022,3023,CCG/ACA,49.1,49.06,3.4606,3
3023,3024,CAA/AGA,49.1,49.06,3.4606,3
3024,3025,AAC/CGA,49.1,49.45,3.4681,3
3025,3026,AAC/GGA,49.1,49.54,3.4699,3
3026,3027,AAC/ATA,49.1,48.95,3.4586,2
3027,3028,CGA/ATA,49.1,49.54,3.4699,3
3028,3029,CAG/CTA,49.1,49.75,3.4738,2
3029,3030,AGC/TTA,49.1,51.48,3.5069,2
3030,3031,CGG/TTA,49.1,49.01,3.4598,3
3031,3032,TTC/TTA,49.1,48.28,3.4457,3
3032,3033,TTC/GAC,49.1,49.85,3.4758,2
3033,3034,CGA/TAC,49.1,49.85,3.4758,3
3034,3035,GAC/TAC,49.1,49.37,3.4666,3
3035,3036,AAA/GCC,49.1,47.21,3.4254,3
3036,3037,CAC/AGC,49.1,48.27,3.4456,3
3037,3038,TTA/GGC,49.1,49.89,3.4765,3
3038,3039,CGT/ATC,49.1,49.53,3.4696,3
3039,3040,CAT/CCG,49.1,47.23,3.4256,3
3040,3041,TTA/TCG,49.1,50.26,3.4835,3
3041,3042,CTT/ATG,49.1,49.06,3.4606,3
3042,3043,TCT/TAT,49.1,49.16,3.4625,3
3043,3044,ATG/CGT,49.1,49.47,3.4686,3
3044,3045,AAT/TGT,49.1,52.41,3.5248,2
3045,3046,CAT/TGT,49.1,48.24,3.4450,3
3046,3047,TGC/GTT,49.1,48.26,3.4453,3
3047,3048,TTT/CTA,49.1,48.83,3.4562,2
3048,3049,TAA/CTA,49.1,48.98,3.4591,2
3049,3050,AGT/CAG,49.1,48.97,3.4589,3
3050,3051,TAC/GCT,49.1,48.05,3.4414,3
3051,3052,ATT/ATT,49.0,49.08,3.4611,3
3052,3053,TCT/TTT,49.0,48.47,3.4494,3
3053,3054,GGC/TAT,49.0,49.87,3.4761,3
3054,3055,CTC/AAA,49.0,49.12,3.4618,2
3055,3056,TCG/CAA,49.0,47.92,3.4389,3
3056,3057,TCC/GAA,49.0,49.77,3.4742,3
3057,3058,ATT/GCA,49.0,48.42,3.4483,2
3058,3059,GAA/GCA,49.0,49.93,3.4772,3
3059,3060,TCG/TCA,49.0,48.38,3.4476,3
3060,3061,AGA/AGA,49.0,48.32,3.4465,3
3061,3062,GCC/TGA,49.0,51.31,3.5037,2
3062,3063,TAT/TGA,49.0,50.35,3.4854,2
3063,3064,CAA/ATA,49.0,48.90,3.4576,2
3064,3065,CCG/ATA,49.0,48.92,3.4579,3
3065,3066,TCC/GTA,49.0,49.07,3.4609,3
3066,3067,GCG/TTA,49.0,49.75,3.4739,3
3067,3068,GAC/GAC,49.0,48.49,3.4498,3
3068,3069,AAC/TAC,49.0,50.84,3.4947,2
3069,3070,CAA/ACC,49.0,48.80,3.4557,3
3070,3071,CCA/ACC,49.0,48.69,3.4536,3
3071,3072,AGC/GCC,49.0,51.80,3.5131,2
3072,3073,GCA/GCC,49.0,49.48,3.4687,3
3073,3074,TAT/GCC,49.0,48.73,3.4544,3
3074,3075,TTA/GCC,49.0,48.84,3.4564,3
3075,3076,CAT/ATC,49.0,47.93,3.4390,2
3076,3077,GAC/GTC,49.0,49.25,3.4643,2
3077,3078,CCT/AAG,49.0,49.17,3.4627,3
3078,3079,ACA/GAG,49.0,50.11,3.4807,3
3079,3080,CTT/ACG,49.0,48.61,3.4521,3
3080,3081,ATT/TCG,49.0,51.83,3.5137,2
3081,3082,CAG/TCG,49.0,48.68,3.4534,3
3082,3083,ACA/AAT,49.0,49.65,3.4719,2
3083,3084,CTT/ACT,49.0,48.22,3.4446,3
3084,3085,ATG/CCT,49.0,49.19,3.4631,3
3085,3086,CTA/TGT,49.0,49.32,3.4657,2
3086,3087,AAC/CTT,49.0,48.61,3.4520,2
3087,3088,GTT/GCC,49.0,48.92,3.4580,3
3088,3089,TAA/TCC,49.0,48.99,3.4593,3
3089,3090,AGA/TGC,49.0,51.90,3.5150,2
3090,3091,CCG/ATG,49.0,49.36,3.4664,3
3091,3092,CGT/CTG,49.0,48.92,3.4579,3
3092,3093,CTG/CAT,49.0,48.61,3.4520,2
3093,3094,TCA/CCT,49.0,48.69,3.4536,2
3094,3095,TAT/TCT,49.0,48.90,3.4576,3
3095,3096,TAT/CTT,49.0,49.28,3.4648,2
3096,3097,CGG/TTT,49.0,47.66,3.4340,3
3097,3098,TAC/CAA,49.0,48.08,3.4420,3
3098,3099,TAA/CAC,49.0,48.20,3.4441,3
3099,3100,TCA/TTC,49.0,48.33,3.4466,3
3100,3101,CGG/TAG,49.0,48.53,3.4505,3
3101,3102,TCA/CCG,49.0,49.38,3.4667,3
3102,3103,TTG/TTG,49.0,49.52,3.4694,3
3103,3104,AAC/AAA,48.9,49.04,3.4604,3
3104,3105,CGC/CCA,48.9,49.17,3.4627,2
3105,3106,ACG/TCA,48.9,51.05,3.4987,2
3106,3107,AAA/AGA,48.9,49.49,3.4689,3
3107,3108,AAC/AGA,48.9,49.60,3.4710,3
3108,3109,ATG/AGA,48.9,50.41,3.4866,3
3109,3110,CCA/CGA,48.9,49.18,3.4630,2
3110,3111,AAC/TGA,48.9,51.57,3.5087,2
3111,3112,ATC/ATA,48.9,48.81,3.4559,3
3112,3113,CAA/TTA,48.9,49.07,3.4608,2
3113,3114,CCT/TTA,48.9,48.59,3.4517,2
3114,3115,TCA/TTA,48.9,49.03,3.4601,3
3115,3116,CCA/AAC,48.9,48.64,3.4525,3
3116,3117,CGA/CAC,48.9,47.88,3.4382,3
3117,3118,TTA/CAC,48.9,48.36,3.4473,2
3118,3119,CGT/TAC,48.9,48.84,3.4564,3
3119,3120,GAC/GCC,48.9,47.89,3.4383,3
3120,3121,GAC/TCC,48.9,48.48,3.4495,3
3121,3122,GTC/TCC,48.9,48.19,3.4440,3
3122,3123,ATC/AGC,48.9,48.07,3.4417,3
3123,3124,CTA/AGC,48.9,49.41,3.4673,3
3124,3125,AAA/CGC,48.9,49.24,3.4641,3
3125,3126,TTC/GGC,48.9,49.16,3.4625,3
3126,3127,TAA/CTC,48.9,48.07,3.4418,2
3127,3128,TGT/CTC,48.9,49.32,3.4655,3
3128,3129,AAC/GTC,48.9,49.54,3.4697,2
3129,3130,GTT/GTC,48.9,49.06,3.4606,3
3130,3131,TTC/GTC,48.9,48.52,3.4504,3
3131,3132,TTA/TTC,48.9,48.82,3.4560,3
3132,3133,ACC/CAG,48.9,51.07,3.4991,2
3133,3134,CCG/TAG,48.9,48.45,3.4491,3
3134,3135,CCA/CCG,48.9,48.71,3.4540,3
3135,3136,GTT/TCG,48.9,49.69,3.4728,3
3136,3137,TGT/CGG,48.9,49.75,3.4739,3
3137,3138,CAA/TGG,48.9,49.25,3.4643,3
3138,3139,CCT/ATG,48.9,48.88,3.4572,3
3139,3140,ACT/TTG,48.9,51.98,3.5165,2
3140,3141,AAC/GAT,48.9,49.06,3.4606,3
3141,3142,CTT/TAT,48.9,49.38,3.4667,2
3142,3143,CAC/ACT,48.9,47.28,3.4265,3
3143,3144,CGC/ACT,48.9,48.66,3.4530,2
3144,3145,CGT/CCT,48.9,49.56,3.4702,2
3145,3146,GCG/TTT,48.9,50.07,3.4799,3
3146,3147,TAT/CCG,48.9,48.01,3.4406,3
3147,3148,TTT/TTG,48.9,49.53,3.4696,3
3148,3149,TAA/CCC,48.9,48.03,3.4409,3
3149,3150,ACT/TAG,48.8,51.48,3.5070,2
3150,3151,AGC/TAT,48.8,51.59,3.5090,2
3151,3152,CCT/ACT,48.8,47.55,3.4318,3
3152,3153,CGC/TCT,48.8,48.49,3.4498,2
3153,3154,CCG/ATT,48.8,49.38,3.4668,3
3154,3155,CTG/TTT,48.8,48.75,3.4547,3
3155,3156,ATC/GTA,48.8,49.21,3.4635,3
3156,3157,AAA/CAA,48.8,48.73,3.4543,3
3157,3158,ATA/CAA,48.8,49.09,3.4612,2
3158,3159,CTG/CAA,48.8,48.59,3.4517,2
3159,3160,ACT/GAA,48.8,49.11,3.4617,2
3160,3161,CCT/TAA,48.8,49.14,3.4622,2
3161,3162,CCT/ACA,48.8,48.74,3.4546,2
3162,3163,CTT/CCA,48.8,48.11,3.4425,2
3163,3164,GAC/GCA,48.8,48.39,3.4479,3
3164,3165,ACT/TCA,48.8,50.98,3.4973,1
3165,3166,AAA/CGA,48.8,48.98,3.4591,3
3166,3167,GAC/TGA,48.8,48.11,3.4425,3
3167,3168,CTC/ATA,48.8,48.15,3.4433,3
3168,3169,AAA/AAC,48.8,49.32,3.4657,3
3169,3170,CTT/AAC,48.8,48.60,3.4518,2
3170,3171,CGC/CCC,48.8,47.82,3.4370,2
3171,3172,ATC/TCC,48.8,50.73,3.4926,2
3172,3173,CCA/ATC,48.8,48.60,3.4518,3
3173,3174,CTA/ATC,48.8,48.36,3.4473,3
3174,3175,GTC/GTC,48.8,48.42,3.4485,3
3175,3176,CGA/TTC,48.8,48.56,3.4511,3
3176,3177,ATG/CTG,48.8,48.64,3.4525,3
3177,3178,CAT/CAT,48.8,48.35,3.4470,3
3178,3179,CAT/TCT,48.8,48.22,3.4446,3
3179,3180,AAC/CGT,48.8,49.59,3.4707,3
3180,3181,CAT/CTT,48.8,48.18,3.4438,2
3181,3182,TAC/GCA,48.8,48.34,3.4469,3
3182,3183,ACT/CGT,48.8,49.93,3.4774,2
3183,3184,GTT/TTC,48.8,49.04,3.4602,3
3184,3185,AGT/GGT,48.8,48.88,3.4572,3
3185,3186,TAC/GCC,48.7,47.55,3.4318,3
3186,3187,TCA/TCC,48.7,48.06,3.4415,3
3187,3188,TCA/CAG,48.7,49.12,3.4618,3
3188,3189,TTT/CAT,48.7,49.17,3.4628,2
3189,3190,GGC/GAT,48.7,49.44,3.4680,3
3190,3191,GGC/TTT,48.7,49.02,3.4599,3
3191,3192,CCT/CAA,48.7,48.14,3.4431,2
3192,3193,TAG/CCA,48.7,48.73,3.4544,3
3193,3194,CCG/TCA,48.7,47.85,3.4376,3
3194,3195,TCA/TCA,48.7,47.79,3.4364,3
3195,3196,TTA/TCA,48.7,48.76,3.4550,3
3196,3197,ATA/AGA,48.7,49.62,3.4713,3
3197,3198,CCC/AGA,48.7,49.96,3.4778,2
3198,3199,CAG/CGA,48.7,48.45,3.4491,3
3199,3200,AAA/GGA,48.7,49.88,3.4764,3
3200,3201,ATA/TGA,48.7,53.17,3.5392,2
3201,3202,TTG/CTA,48.7,47.97,3.4398,3
3202,3203,AAT/GAC,48.7,48.76,3.4549,3
3203,3204,CTA/ACC,48.7,48.39,3.4479,3
3204,3205,GCC/ACC,48.7,50.12,3.4810,3
3205,3206,TCC/ACC,48.7,47.88,3.4382,2
3206,3207,GTC/GCC,48.7,48.59,3.4517,3
3207,3208,AAC/TCC,48.7,50.57,3.4896,2
3208,3209,CCC/AGC,48.7,48.97,3.4589,2
3209,3210,CCA/CGC,48.7,48.57,3.4512,2
3210,3211,GTC/GGC,48.7,49.64,3.4717,3
3211,3212,CAA/TTC,48.7,48.17,3.4435,2
3212,3213,GCA/TTC,48.7,49.20,3.4634,3
3213,3214,ACA/ACG,48.7,47.50,3.4309,3
3214,3215,ATT/ACG,48.7,48.90,3.4576,3
3215,3216,ATA/GCG,48.7,49.70,3.4729,3
3216,3217,CTT/CGG,48.7,49.21,3.4635,3
3217,3218,ACG/ATG,48.7,49.08,3.4611,3
3218,3219,TAC/CAT,48.7,48.22,3.4446,3
3219,3220,ACG/TAT,48.7,51.74,3.5120,2
3220,3221,TCC/ACT,48.7,48.33,3.4467,2
3221,3222,TCT/GCT,48.7,47.81,3.4367,3
3222,3223,CTT/ATT,48.7,48.62,3.4523,3
3223,3224,ATG/CTT,48.7,48.80,3.4557,3
3224,3225,ATT/ACT,48.7,46.79,3.4173,3
3225,3226,TCT/TTC,48.7,47.69,3.4345,3
3226,3227,CCT/AAT,48.7,48.24,3.4450,3
3227,3228,GTC/GCT,48.7,48.76,3.4550,3
3228,3229,TTT/GCT,48.7,48.84,3.4564,3
3229,3230,TAC/TGT,48.7,47.44,3.4296,3
3230,3231,GTC/GTT,48.7,48.67,3.4531,3
3231,3232,TAC/TCT,48.6,47.40,3.4290,3
3232,3233,AAG/CAA,48.6,48.92,3.4579,3
3233,3234,CAG/CAA,48.6,47.28,3.4265,3
3234,3235,TCA/CAA,48.6,47.63,3.4334,3
3235,3236,GCC/GAA,48.6,49.70,3.4729,3
3236,3237,CGG/TAA,48.6,49.09,3.4612,3
3237,3238,CTA/TAA,48.6,49.51,3.4693,2
3238,3239,GCC/TAA,48.6,49.07,3.4608,3
3239,3240,CAC/ACA,48.6,47.76,3.4357,3
3240,3241,CTA/ACA,48.6,48.29,3.4459,3
3241,3242,GCA/GCA,48.6,48.86,3.4567,3
3242,3243,AAG/TGA,48.6,52.10,3.5188,2
3243,3244,AAA/CTA,48.6,49.57,3.4703,2
3244,3245,ATA/CTA,48.6,49.07,3.4609,3
3245,3246,CAT/AAC,48.6,48.68,3.4534,3
3246,3247,CGC/AAC,48.6,47.80,3.4366,3
3247,3248,TCC/GAC,48.6,49.61,3.4712,3
3248,3249,CGC/TAC,48.6,48.70,3.4538,3
3249,3250,TTA/CCC,48.6,47.66,3.4340,3
3250,3251,ACA/AGC,48.6,48.95,3.4585,2
3251,3252,GAA/GGC,48.6,50.00,3.4787,3
3252,3253,GAC/GGC,48.6,48.98,3.4591,3
3253,3254,GTT/GGC,48.6,49.92,3.4771,3
3254,3255,AAA/CTC,48.6,48.68,3.4534,2
3255,3256,CAT/TTC,48.6,48.11,3.4424,2
3256,3257,CCT/TAG,48.6,48.35,3.4470,3
3257,3258,ACC/CCG,48.6,48.42,3.4485,2
3258,3259,TAG/CGG,48.6,48.67,3.4533,3
3259,3260,ATC/AAT,48.6,49.08,3.4611,2
3260,3261,CAC/AAT,48.6,48.83,3.4563,3
3261,3262,ACA/CAT,48.6,47.77,3.4360,2
3262,3263,TCG/CAT,48.6,48.04,3.4412,3
3263,3264,CGT/TAT,48.6,49.10,3.4614,3
3264,3265,GCT/GCT,48.6,48.14,3.4431,3
3265,3266,GCT/TCT,48.6,48.26,3.4454,3
3266,3267,AGT/TGT,48.6,52.11,3.5190,2
3267,3268,GTG/TGT,48.6,49.41,3.4673,3
3268,3269,AGT/ATT,48.6,49.06,3.4606,3
3269,3270,TTC/GTT,48.6,48.76,3.4550,3
3270,3271,TGC/TTT,48.6,48.72,3.4541,3
3271,3272,TAG/TGT,48.5,49.58,3.4706,3
3272,3273,CCA/ATA,48.5,49.15,3.4624,3
3273,3274,TAC/CTA,48.5,47.72,3.4350,2
3274,3275,TCT/GCG,48.5,49.20,3.4634,3
3275,3276,GAG/TGG,48.5,49.16,3.4625,3
3276,3277,AAC/ACT,48.5,47.84,3.4373,3
3277,3278,CGT/CTT,48.5,47.96,3.4396,3
3278,3279,CAG/TAA,48.5,49.03,3.4601,3
3279,3280,AAT/CCA,48.5,46.69,3.4153,2
3280,3281,TCT/CCA,48.5,47.47,3.4302,2
3281,3282,CAC/CGA,48.5,47.70,3.4347,3
3282,3283,GTT/TGA,48.5,49.25,3.4643,2
3283,3284,CTA/TAC,48.5,48.57,3.4512,2
3284,3285,TCT/TAC,48.5,48.61,3.4520,3
3285,3286,AAA/ACC,48.5,48.61,3.4520,3
3286,3287,AAT/GCC,48.5,48.60,3.4518,3
3287,3288,CAA/TCC,48.5,47.94,3.4392,3
3288,3289,CGC/TCC,48.5,48.14,3.4431,2
3289,3290,ATA/AGC,48.5,49.06,3.4606,3
3290,3291,ACA/CGC,48.5,48.55,3.4508,2
3291,3292,AGC/ATC,48.5,47.95,3.4393,3
3292,3293,CGT/CTC,48.5,47.18,3.4248,3
3293,3294,CGT/TTC,48.5,48.59,3.4517,3
3294,3295,TTA/CAG,48.5,50.43,3.4868,2
3295,3296,CTA/CCG,48.5,49.08,3.4611,3
3296,3297,ACG/TTT,48.5,52.18,3.5204,2
3297,3298,TAC/CTT,48.5,48.00,3.4404,2
3298,3299,TAT/CGG,48.5,49.29,3.4650,3
3299,3300,TTG/CCT,48.5,48.96,3.4588,3
3300,3301,TTT/TCT,48.5,48.33,3.4466,3
3301,3302,TTG/CTT,48.5,48.68,3.4534,3
3302,3303,TTT/TTC,48.5,48.31,3.4463,3
3303,3304,TTG/GCG,48.5,49.78,3.4745,3
3304,3305,CTG/CCT,48.5,48.26,3.4454,3
3305,3306,ATT/GCT,48.5,47.02,3.4217,3
3306,3307,CGA/CAA,48.4,48.39,3.4479,3
3307,3308,TCC/TAA,48.4,48.66,3.4530,3
3308,3309,TTG/CCA,48.4,48.45,3.4491,3
3309,3310,CCT/TCA,48.4,47.38,3.4286,2
3310,3311,CTG/TCA,48.4,48.27,3.4456,3
3311,3312,ACA/AGA,48.4,49.56,3.4702,2
3312,3313,CAA/CGA,48.4,47.92,3.4388,3
3313,3314,CAC/ATA,48.4,47.63,3.4334,2
3314,3315,ATA/AAC,48.4,49.60,3.4710,2
3315,3316,ATC/GAC,48.4,50.78,3.4936,2
3316,3317,TCT/GCC,48.4,47.73,3.4353,3
3317,3318,TTA/TCC,48.4,48.48,3.4496,3
3318,3319,AAA/GGC,48.4,49.26,3.4645,3
3319,3320,AAT/CTC,48.4,48.62,3.4523,2
3320,3321,ATT/GTC,48.4,48.55,3.4509,3
3321,3322,GCT/GTC,48.4,48.73,3.4543,3
3322,3323,ACG/GAG,48.4,48.49,3.4498,3
3323,3324,ATT/CGG,48.4,49.17,3.4627,3
3324,3325,ATT/CTG,48.4,48.03,3.4409,3
3325,3326,TCC/GAT,48.4,49.90,3.4766,3
3326,3327,CTT/CGT,48.4,48.31,3.4463,3
3327,3328,TCC/GTC,48.4,48.32,3.4465,3
3328,3329,CCG/CTG,48.4,48.04,3.4412,3
3329,3330,CCG/TAT,48.4,48.60,3.4518,3
3330,3331,AAC/GCT,48.4,48.04,3.4411,3
3331,3332,CGT/ATT,48.4,48.51,3.4502,3
3332,3333,GTC/TTT,48.4,48.71,3.4540,3
3333,3334,TAC/CAC,48.4,47.83,3.4372,3
3334,3335,ATC/CAA,48.3,48.13,3.4428,2
3335,3336,CGC/CAA,48.3,48.38,3.4476,3
3336,3337,CGA/TAA,48.3,48.47,3.4494,3
3337,3338,AGC/ACA,48.3,50.36,3.4855,2
3338,3339,CTC/ACA,48.3,47.21,3.4254,3
3339,3340,ATT/CCA,48.3,47.39,3.4287,2
3340,3341,CAT/CCA,48.3,47.32,3.4274,2
3341,3342,TTT/CCA,48.3,48.86,3.4569,2
3342,3343,ATG/GCA,48.3,48.11,3.4425,3
3343,3344,TTA/GCA,48.3,48.80,3.4556,3
3344,3345,TTC/TCA,48.3,47.40,3.4289,3
3345,3346,TAG/CGA,48.3,48.01,3.4405,3
3346,3347,TGA/CGA,48.3,48.13,3.4428,3
3347,3348,TGC/CTA,48.3,47.21,3.4254,3
3348,3349,CTG/TTA,48.3,48.16,3.4434,3
3349,3350,CGC/CAC,48.3,46.47,3.4112,3
3350,3351,CAA/TAC,48.3,48.11,3.4424,3
3351,3352,CAT/TAC,48.3,47.78,3.4361,3
3352,3353,ATA/GCC,48.3,47.34,3.4278,3
3353,3354,TAT/TCC,48.3,48.17,3.4437,3
3354,3355,AAC/AGC,48.3,47.70,3.4347,3
3355,3356,CTT/AGC,48.3,49.16,3.4625,3
3356,3357,TCT/CGC,48.3,49.03,3.4601,2
3357,3358,CGC/ATC,48.3,47.82,3.4370,3
3358,3359,TAT/CTC,48.3,48.01,3.4405,2
3359,3360,TTC/TTC,48.3,47.83,3.4372,3
3360,3361,ACA/TCG,48.3,52.65,3.5293,2
3361,3362,CTA/TGG,48.3,49.45,3.4681,3
3362,3363,GCC/GAT,48.3,49.11,3.4617,3
3363,3364,TCC/CGT,48.3,49.12,3.4618,2
3364,3365,TCT/TGT,48.3,49.74,3.4736,2
3365,3366,TGG/TGT,48.3,46.85,3.4183,3
3366,3367,CAC/ATT,48.3,47.92,3.4388,2
3367,3368,TCC/GTT,48.3,48.69,3.4536,3
3368,3369,GCT/TTT,48.3,49.26,3.4645,3
3369,3370,TAA/CCA,48.3,48.23,3.4447,3
3370,3371,TTT/GGC,48.3,49.58,3.4706,3
3371,3372,GTT/TGG,48.3,49.06,3.4606,3
3372,3373,CCT/TTG,48.3,47.48,3.4305,3
3373,3374,CGT/TTG,48.3,46.96,3.4205,3
3374,3375,ACA/ATT,48.3,49.04,3.4604,2
3375,3376,ACA/CTT,48.3,47.50,3.4309,2
3376,3377,TAC/TCC,48.3,47.14,3.4239,3
3377,3378,ATT/CTT,48.3,48.08,3.4420,3
3378,3379,GGC/GTT,48.3,48.11,3.4425,3
3379,3380,AAC/CAA,48.2,47.83,3.4372,3
3380,3381,CTA/CAA,48.2,47.42,3.4293,2
3381,3382,ACG/TAA,48.2,51.46,3.5066,2
3382,3383,CAA/TAA,48.2,48.88,3.4572,3
3383,3384,ATA/ACA,48.2,47.02,3.4216,3
3384,3385,TCG/CCA,48.2,47.72,3.4351,3
3385,3386,ACG/GCA,48.2,46.42,3.4101,3
3386,3387,GCC/TCA,48.2,48.29,3.4460,3
3387,3388,ACA/CGA,48.2,49.17,3.4627,2
3388,3389,ATC/CGA,48.2,48.73,3.4543,3
3389,3390,CGC/ATA,48.2,47.95,3.4393,3
3390,3391,CTT/ACC,48.2,47.34,3.4277,3
3391,3392,AAT/AGC,48.2,48.78,3.4553,3
3392,3393,CAA/CGC,48.2,47.79,3.4364,3
3393,3394,CAT/CGC,48.2,49.32,3.4657,3
3394,3395,ATA/GGC,48.2,49.20,3.4634,3
3395,3396,AAC/ATC,48.2,47.44,3.4297,2
3396,3397,CAA/CTC,48.2,46.95,3.4204,2
3397,3398,AAT/CAG,48.2,49.15,3.4624,3
3398,3399,ACA/CAG,48.2,48.02,3.4408,3
3399,3400,ACA/CCG,48.2,45.77,3.3977,3
3400,3401,TCT/CCG,48.2,47.59,3.4325,3
3401,3402,CAA/TCG,48.2,50.33,3.4850,3
3402,3403,ACG/CTG,48.2,46.40,3.4097,3
3403,3404,TCG/CTG,48.2,48.50,3.4499,3
3404,3405,CTG/CTT,48.2,48.19,3.4440,3
3405,3406,TGT/CTT,48.2,47.88,3.4382,3
3406,3407,ATC/GTT,48.2,48.42,3.4483,3
3407,3408,TGC/CAT,48.2,48.08,3.4420,3
3408,3409,CTA/AAC,48.2,49.12,3.4618,2
3409,3410,TTT/GCC,48.2,47.89,3.4383,3
3410,3411,AGT/TGC,48.2,52.14,3.5195,2
3411,3412,ACA/ACT,48.2,47.25,3.4261,2
3412,3413,CCG/CCT,48.2,48.37,3.4475,3
3413,3414,CCC/CGT,48.2,48.05,3.4414,2
3414,3415,CCG/TTT,48.2,48.04,3.4411,3
3415,3416,CCG/TAA,48.1,48.48,3.4495,3
3416,3417,AAA/CCA,48.1,46.52,3.4120,3
3417,3418,AAG/CCA,48.1,47.27,3.4264,3
3418,3419,CTG/CCA,48.1,47.76,3.4358,3
3419,3420,TCA/GCA,48.1,48.61,3.4521,3
3420,3421,ATG/CTA,48.1,49.11,3.4617,3
3421,3422,CCT/CTA,48.1,48.56,3.4511,2
3422,3423,GCC/GTA,48.1,49.45,3.4681,3
3423,3424,CTA/TTA,48.1,48.41,3.4482,3
3424,3425,ATT/AAC,48.1,49.08,3.4611,2
3425,3426,TCA/CAC,48.1,47.44,3.4296,3
3426,3427,CCA/TAC,48.1,48.04,3.4412,3
3427,3428,AAT/ACC,48.1,48.55,3.4509,3
3428,3429,GCT/GCC,48.1,48.24,3.4450,3
3429,3430,CCA/TCC,48.1,47.52,3.4312,3
3430,3431,GCT/TCC,48.1,48.50,3.4499,3
3431,3432,CCT/CGC,48.1,47.96,3.4396,2
3432,3433,GAT/GGC,48.1,49.55,3.4700,3
3433,3434,CTT/ATC,48.1,47.88,3.4382,3
3434,3435,CCA/TTC,48.1,47.28,3.4265,3
3435,3436,GTC/TTC,48.1,48.43,3.4486,3
3436,3437,TAG/CAG,48.1,48.80,3.4556,3
3437,3438,CCG/CCG,48.1,48.13,3.4428,3
3438,3439,TCG/CCG,48.1,48.27,3.4456,3
3439,3440,TAT/TCG,48.1,49.15,3.4624,3
3440,3441,ATG/CGG,48.1,48.26,3.4454,3
3441,3442,CAG/TGG,48.1,48.21,3.4444,3
3442,3443,TCT/CTG,48.1,47.76,3.4358,3
3443,3444,ATC/CAT,48.1,47.60,3.4326,2
3444,3445,AAT/CCT,48.1,47.84,3.4373,3
3445,3446,CAT/CCT,48.1,47.52,3.4312,3
3446,3447,TCG/CTT,48.1,48.32,3.4465,3
3447,3448,GCT/TAC,48.1,48.89,3.4573,3
3448,3449,TAC/TGA,48.1,47.30,3.4270,3
3449,3450,TTG/TCG,48.1,49.32,3.4657,3
3450,3451,CCT/CTG,48.1,47.44,3.4297,3
3451,3452,CCG/TTG,48.1,48.25,3.4451,3
3452,3453,CGG/TTG,48.1,47.70,3.4347,3
3453,3454,CCT/ATT,48.1,48.26,3.4454,3
3454,3455,TTC/GCT,48.1,47.94,3.4392,3
3455,3456,TTG/CGT,48.1,48.67,3.4533,3
3456,3457,TTC/TTT,48.1,48.16,3.4434,3
3457,3458,CTC/TAA,48.0,48.57,3.4512,2
3458,3459,AAA/GCA,48.0,47.79,3.4364,3
3459,3460,TCC/CGA,48.0,48.95,3.4586,2
3460,3461,CCG/TGA,48.0,50.70,3.4920,2
3461,3462,TGT/TGA,48.0,47.41,3.4291,2
3462,3463,AAC/CTA,48.0,48.33,3.4466,2
3463,3464,TTA/CTA,48.0,47.97,3.4398,3
3464,3465,ACA/TTA,48.0,51.92,3.5153,2
3465,3466,CGA/TTA,48.0,48.30,3.4462,3
3466,3467,AAT/AAC,48.0,48.61,3.4521,3
3467,3468,TCA/CCC,48.0,47.36,3.4281,3
3468,3469,CAC/ATC,48.0,46.10,3.4041,2
3469,3470,CCT/ATC,48.0,47.75,3.4356,3
3470,3471,CTA/TTC,48.0,47.62,3.4331,3
3471,3472,ATG/CCG,48.0,46.98,3.4208,3
3472,3473,ATG/GCG,48.0,48.07,3.4417,3
3473,3474,ACT/GTG,48.0,47.96,3.4396,3
3474,3475,TCG/CCT,48.0,48.67,3.4533,3
3475,3476,CAC/TTT,48.0,48.09,3.4421,2
3476,3477,CTG/CTG,48.0,48.01,3.4406,3
3477,3478,CTG/TTG,48.0,48.23,3.4449,3
3478,3479,CCG/CAT,48.0,47.33,3.4275,3
3479,3480,CCT/TAT,48.0,47.53,3.4315,3
3480,3481,AGC/AAA,47.9,49.84,3.4756,3
3481,3482,CGC/TAA,47.9,47.82,3.4370,3
3482,3483,AAC/ACA,47.9,47.49,3.4306,3
3483,3484,TAC/CGA,47.9,47.12,3.4235,3
3484,3485,TTT/CGA,47.9,48.98,3.4592,2
3485,3486,GGG/TGA,47.9,48.28,3.4457,3
3486,3487,TCA/TGA,47.9,48.98,3.4591,2
3487,3488,TCC/TTA,47.9,47.85,3.4376,3
3488,3489,CTC/AAC,47.9,47.92,3.4388,2
3489,3490,AAA/CAC,47.9,47.93,3.4390,3
3490,3491,TAT/CAC,47.9,47.87,3.4379,3
3491,3492,TTT/CAC,47.9,47.83,3.4372,2
3492,3493,CAT/ACC,47.9,47.94,3.4392,3
3493,3494,CCA/CCC,47.9,47.07,3.4226,3
3494,3495,CTA/TCC,47.9,47.53,3.4315,3
3495,3496,CAC/CGC,47.9,46.73,3.4161,3
3496,3497,ATC/GGC,47.9,48.19,3.4440,3
3497,3498,AAC/TGC,47.9,50.47,3.4876,2
3498,3499,ATT/CAG,47.9,50.23,3.4830,2
3499,3500,TGT/CAG,47.9,48.76,3.4550,3
3500,3501,TCA/TCG,47.9,49.87,3.4761,3
3501,3502,CTC/AAT,47.9,48.60,3.4518,2
3502,3503,AAC/CAT,47.9,47.45,3.4299,3
3503,3504,CTC/ACT,47.9,47.39,3.4287,3
3504,3505,CTT/TCT,47.9,47.18,3.4246,3
3505,3506,TGT/CGT,47.9,47.66,3.4338,3
3506,3507,CTT/TTT,47.9,47.79,3.4363,3
3507,3508,ATT/CGT,47.9,47.72,3.4350,3
3508,3509,CTC/ATC,47.8,47.16,3.4243,3
3509,3510,AGC/ACT,47.8,49.39,3.4670,2
3510,3511,CGC/CCT,47.8,48.18,3.4438,2
3511,3512,CCT/TGT,47.8,48.60,3.4518,2
3512,3513,AAC/GAA,47.8,49.04,3.4604,3
3513,3514,TTA/CCA,47.8,47.70,3.4347,3
3514,3515,TCG/CTA,47.8,48.00,3.4404,3
3515,3516,TTC/CAC,47.8,47.14,3.4239,2
3516,3517,AAC/GAC,47.8,47.82,3.4369,3
3517,3518,GCC/GAC,47.8,49.05,3.4605,3
3518,3519,GCC/TAC,47.8,48.37,3.4475,3
3519,3520,CAA/CCC,47.8,47.06,3.4224,3
3520,3521,TTC/GCC,47.8,47.53,3.4315,3
3521,3522,TCT/TCC,47.8,46.69,3.4153,3
3522,3523,ATT/ATC,47.8,48.42,3.4485,3
3523,3524,CGC/CTC,47.8,47.36,3.4281,3
3524,3525,TTA/CTC,47.8,47.37,3.4284,3
3525,3526,CCC/CAG,47.8,51.69,3.5108,2
3526,3527,CGT/CAG,47.8,49.11,3.4615,3
3527,3528,CCA/TCG,47.8,49.50,3.4692,3
3528,3529,CAT/TGG,47.8,48.79,3.4554,3
3529,3530,GTG/TGG,47.8,48.72,3.4541,3
3530,3531,CTT/CTG,47.8,47.42,3.4293,3
3531,3532,CTT/TTG,47.8,47.96,3.4396,3
3532,3533,TCT/CAT,47.8,47.03,3.4218,3
3533,3534,ATC/ACT,47.8,45.83,3.3990,3
3534,3535,CAC/TCT,47.8,46.30,3.4078,3
3535,3536,GCC/TCT,47.8,48.20,3.4443,3
3536,3537,TCT/TCT,47.8,46.81,3.4176,3
3537,3538,TTG/CTG,47.8,47.98,3.4401,3
3538,3539,TTT/CTG,47.8,47.89,3.4383,3
3539,3540,TTC/CAT,47.8,47.83,3.4372,2
3540,3541,TTC/TCT,47.8,47.49,3.4306,3
3541,3542,TTG/CCG,47.8,48.58,3.4514,3
3542,3543,TAT/CCT,47.8,48.44,3.4488,3
3543,3544,AGA/TGA,47.7,52.35,3.5235,2
3544,3545,CCC/AAA,47.7,47.98,3.4401,3
3545,3546,CAA/CAA,47.7,47.18,3.4246,3
3546,3547,ACA/TAA,47.7,51.27,3.5029,2
3547,3548,CCG/CCA,47.7,47.35,3.4280,3
3548,3549,TTC/GCA,47.7,47.69,3.4344,3
3549,3550,ATC/TGA,47.7,52.60,3.5283,2
3550,3551,CTG/CTA,47.7,47.66,3.4338,3
3551,3552,ACA/GTA,47.7,47.86,3.4377,3
3552,3553,ACG/TTA,47.7,51.86,3.5141,2
3553,3554,CCG/TTA,47.7,47.79,3.4364,3
3554,3555,CAC/AAC,47.7,47.82,3.4370,3
3555,3556,TCT/CAC,47.7,46.59,3.4135,3
3556,3557,CTT/TAC,47.7,48.04,3.4411,2
3557,3558,TCC/TAC,47.7,48.04,3.4412,3
3558,3559,CAC/ACC,47.7,47.02,3.4216,3
3559,3560,CCT/ACC,47.7,47.69,3.4344,3
3560,3561,AAC/GCC,47.7,45.77,3.3977,3
3561,3562,CAC/TCC,47.7,46.53,3.4122,3
3562,3563,CAT/TCC,47.7,46.76,3.4166,3
3563,3564,AAC/CGC,47.7,48.38,3.4476,3
3564,3565,AAC/GGC,47.7,48.40,3.4480,3
3565,3566,GCC/TGC,47.7,50.35,3.4853,2
3566,3567,CAT/CTC,47.7,46.89,3.4192,2
3567,3568,CTA/CTC,47.7,47.24,3.4258,3
3568,3569,CCT/CCG,47.7,47.41,3.4291,3
3569,3570,CTT/CAT,47.7,47.28,3.4265,2
3570,3571,CAC/TAT,47.7,48.13,3.4428,3
3571,3572,CTC/TAT,47.7,48.04,3.4411,2
3572,3573,CCC/ACT,47.7,47.35,3.4280,3
3573,3574,TCA/CTC,47.7,47.40,3.4290,3
3574,3575,TAT/TGG,47.7,48.67,3.4531,3
3575,3576,TCC/GCC,47.7,47.46,3.4300,3
3576,3577,TTT/TCC,47.7,47.58,3.4324,3
3577,3578,TTT/CTT,47.7,47.69,3.4344,3
3578,3579,TAT/CAG,47.6,49.78,3.4745,3
3579,3580,TAC/CGT,47.6,48.70,3.4537,3
3580,3581,AGC/CAA,47.6,49.52,3.4694,3
3581,3582,CCG/CAA,47.6,47.17,3.4245,3
3582,3583,ACG/GAA,47.6,48.70,3.4537,3
3583,3584,AGC/GAA,47.6,49.86,3.4759,3
3584,3585,CCA/TAA,47.6,48.04,3.4412,3
3585,3586,ATC/ACA,47.6,45.48,3.3922,3
3586,3587,CAG/CCA,47.6,47.87,3.4379,3
3587,3588,GAG/TGA,47.6,48.93,3.4582,3
3588,3589,CCA/TTA,47.6,47.87,3.4379,3
3589,3590,ATA/CAC,47.6,48.13,3.4428,2
3590,3591,CAT/CAC,47.6,47.23,3.4256,3
3591,3592,ATA/ACC,47.6,46.91,3.4195,3
3592,3593,ATA/TGC,47.6,52.09,3.5187,2
3593,3594,GAC/TGC,47.6,47.58,3.4324,3
3594,3595,AGC/CTC,47.6,47.85,3.4374,3
3595,3596,ATA/CTC,47.6,47.66,3.4338,3
3596,3597,CCA/CTC,47.6,47.08,3.4229,3
3597,3598,ACG/GAT,47.6,48.46,3.4492,3
3598,3599,GCC/TAT,47.6,49.10,3.4614,3
3599,3600,TCC/TAT,47.6,48.53,3.4505,3
3600,3601,ATC/GCT,47.6,46.11,3.4043,3
3601,3602,TCC/GCT,47.6,47.44,3.4296,3
3602,3603,CCG/CTT,47.6,47.88,3.4380,3
3603,3604,CCT/TTT,47.6,47.16,3.4243,3
3604,3605,GAT/TGT,47.6,49.25,3.4643,3
3605,3606,TAC/CCA,47.5,46.81,3.4176,3
3606,3607,TAA/CGA,47.5,47.81,3.4367,3
3607,3608,TAA/CGC,47.5,47.18,3.4248,3
3608,3609,CTG/CCG,47.5,47.81,3.4367,3
3609,3610,AGC/TTT,47.5,50.48,3.4878,2
3610,3611,CGT/TTT,47.5,46.33,3.4085,3
3611,3612,CAC/TAA,47.5,47.99,3.4402,3
3612,3613,ATA/CCA,47.5,46.03,3.4028,3
3613,3614,ATG/CCA,47.5,48.07,3.4417,3
3614,3615,CCA/TCA,47.5,47.16,3.4243,3
3615,3616,CGC/CTA,47.5,47.12,3.4236,3
3616,3617,TCA/CTA,47.5,48.03,3.4409,3
3617,3618,TTC/CTA,47.5,46.97,3.4207,3
3618,3619,CCA/CAC,47.5,46.67,3.4150,3
3619,3620,TCT/CCC,47.5,46.14,3.4049,3
3620,3621,TTC/CCC,47.5,46.28,3.4075,3
3621,3622,CCT/TCC,47.5,46.25,3.4069,3
3622,3623,ACA/GTC,47.5,47.57,3.4321,3
3623,3624,CAC/TTC,47.5,46.27,3.4074,2
3624,3625,AAG/CAG,47.5,48.64,3.4527,3
3625,3626,CAA/CAG,47.5,49.46,3.4683,3
3626,3627,ATT/CCG,47.5,46.43,3.4104,3
3627,3628,ACT/ATG,47.5,46.76,3.4167,3
3628,3629,ATT/CCT,47.5,45.92,3.4006,3
3629,3630,GCC/GCT,47.5,48.01,3.4405,3
3630,3631,ATC/ATT,47.5,47.90,3.4385,3
3631,3632,ATC/GTC,47.5,47.93,3.4390,3
3632,3633,ACT/GAG,47.5,48.52,3.4504,3
3633,3634,CCT/TCT,47.5,46.10,3.4041,3
3634,3635,CTC/CGT,47.5,46.98,3.4208,3
3635,3636,CTC/ATT,47.5,47.53,3.4315,3
3636,3637,ACT/TTT,47.4,51.44,3.5061,2
3637,3638,ACA/AAA,47.4,47.43,3.4294,3
3638,3639,CCT/CCA,47.4,47.23,3.4256,2
3639,3640,ACA/TCA,47.4,50.41,3.4866,2
3640,3641,CAA/TCA,47.4,47.86,3.4377,3
3641,3642,TCC/TCA,47.4,46.59,3.4135,3
3642,3643,ATA/CGA,47.4,47.78,3.4361,3
3643,3644,ATG/CGA,47.4,48.51,3.4501,3
3644,3645,TTC/CGA,47.4,47.48,3.4305,3
3645,3646,TTG/CGA,47.4,47.93,3.4390,3
3646,3647,ATC/CTA,47.4,47.44,3.4297,3
3647,3648,CAC/TTA,47.4,47.81,3.4367,2
3648,3649,ACA/TAC,47.4,50.93,3.4964,2
3649,3650,CCC/ACC,47.4,46.99,3.4210,3
3650,3651,CTC/ACC,47.4,47.02,3.4216,3
3651,3652,TTC/TCC,47.4,47.15,3.4242,3
3652,3653,ATT/AGC,47.4,48.70,3.4538,3
3653,3654,AAT/CGC,47.4,49.07,3.4608,3
3654,3655,AAT/GGC,47.4,49.00,3.4595,3
3655,3656,GCC/GTC,47.4,48.62,3.4523,3
3656,3657,CGC/TTC,47.4,47.31,3.4272,3
3657,3658,GCT/TTC,47.4,48.30,3.4462,3
3658,3659,TCG/CAG,47.4,47.96,3.4396,3
3659,3660,CTG/TGG,47.4,47.46,3.4300,3
3660,3661,CTT/CCT,47.4,47.11,3.4233,3
3661,3662,GCC/GTT,47.4,48.67,3.4533,3
3662,3663,TAC/CCC,47.4,46.68,3.4151,3
3663,3664,TCC/TCC,47.4,46.38,3.4094,3
3664,3665,TAT/CGT,47.4,48.80,3.4556,3
3665,3666,CCA/CAA,47.3,46.92,3.4197,3
3666,3667,CTC/CAA,47.3,46.43,3.4104,2
3667,3668,AGC/CCA,47.3,49.63,3.4716,2
3668,3669,CAA/CCA,47.3,47.25,3.4261,3
3669,3670,TCA/CCA,47.3,47.15,3.4242,3
3670,3671,TTC/CCA,47.3,46.34,3.4087,3
3671,3672,ATA/GCA,47.3,47.41,3.4291,3
3672,3673,CTA/TCA,47.3,47.60,3.4326,3
3673,3674,CCC/CGA,47.3,47.88,3.4380,2
3674,3675,TTA/CGA,47.3,47.17,3.4245,3
3675,3676,CTT/TGA,47.3,48.31,3.4463,2
3676,3677,GCC/TTA,47.3,48.80,3.4557,3
3677,3678,CCC/AAC,47.3,47.20,3.4251,3
3678,3679,CCT/AAC,47.3,47.78,3.4361,3
3679,3680,CAA/CAC,47.3,46.99,3.4210,3
3680,3681,AGC/GAC,47.3,47.84,3.4373,3
3681,3682,AGC/ACC,47.3,49.04,3.4604,2
3682,3683,ATT/GCC,47.3,46.08,3.4037,3
3683,3684,GCC/TCC,47.3,48.03,3.4409,3
3684,3685,AGC/AGC,47.3,48.50,3.4499,3
3685,3686,ATT/TGC,47.3,52.34,3.5234,2
3686,3687,CCC/ATC,47.3,47.40,3.4290,3
3687,3688,ACA/TTC,47.3,51.54,3.5080,2
3688,3689,CCT/TTC,47.3,46.47,3.4112,3
3689,3690,CAC/CTT,47.3,46.87,3.4188,2
3690,3691,TCC/CGC,47.3,47.96,3.4396,2
3691,3692,ATC/ATC,47.3,48.10,3.4422,3
3692,3693,AGG/CAG,47.3,49.67,3.4723,3
3693,3694,TTT/GCG,47.3,49.11,3.4615,3
3694,3695,CGG/TGT,47.3,47.21,3.4252,3
3695,3696,TCT/CTT,47.3,47.28,3.4267,3
3696,3697,TGG/CAG,47.2,49.72,3.4732,3
3697,3698,TCC/TTC,47.2,47.35,3.4280,3
3698,3699,TTG/CGG,47.2,47.92,3.4389,3
3699,3700,CGC/AAT,47.2,48.23,3.4449,3
3700,3701,ACC/AGT,47.2,48.44,3.4488,2
3701,3702,AGC/GGT,47.2,48.21,3.4444,3
3702,3703,CCT/CTT,47.2,47.07,3.4226,3
3703,3704,CAC/TCA,47.2,46.73,3.4160,3
3704,3705,CTA/TGA,47.2,46.57,3.4131,3
3705,3706,CCC/ATA,47.2,47.95,3.4395,3
3706,3707,CAA/CTA,47.2,47.88,3.4380,2
3707,3708,CCG/CTA,47.2,47.54,3.4316,3
3708,3709,ATT/CAC,47.2,47.60,3.4326,2
3709,3710,CTC/TAC,47.2,47.34,3.4278,2
3710,3711,AAA/CCC,47.2,46.49,3.4115,3
3711,3712,AAT/CCC,47.2,47.40,3.4289,3
3712,3713,TAT/CCC,47.2,46.97,3.4207,3
3713,3714,CTT/TCC,47.2,46.30,3.4078,3
3714,3715,CCC/CGC,47.2,46.87,3.4188,2
3715,3716,CTT/CGC,47.2,47.39,3.4287,3
3716,3717,ATC/TGC,47.2,52.11,3.5190,2
3717,3718,AAC/CTC,47.2,46.80,3.4175,2
3718,3719,TGT/TGG,47.2,47.32,3.4274,3
3719,3720,CCC/AAT,47.2,47.66,3.4340,3
3720,3721,CAC/CAT,47.2,47.21,3.4252,3
3721,3722,TCC/TCT,47.2,46.59,3.4135,3
3722,3723,GGT/TGT,47.2,46.76,3.4166,3
3723,3724,TGC/CTT,47.2,46.42,3.4101,3
3724,3725,TAC/CCT,47.2,46.51,3.4119,3
3725,3726,TAC/CTC,47.2,46.18,3.4056,2
3726,3727,TCA/TGC,47.2,48.38,3.4476,2
3727,3728,TTG/TGT,47.2,47.66,3.4338,3
3728,3729,TTT/CGG,47.2,48.39,3.4478,3
3729,3730,AAC/CCT,47.2,46.76,3.4166,3
3730,3731,GTT/TGT,47.2,47.76,3.4357,3
3731,3732,TAT/TGT,47.2,48.07,3.4418,3
3732,3733,CCC/ATT,47.2,47.51,3.4310,3
3733,3734,CAC/CAA,47.1,46.76,3.4167,3
3734,3735,CCC/ACA,47.1,47.37,3.4283,3
3735,3736,CCA/CCA,47.1,46.76,3.4166,3
3736,3737,CAT/TGA,47.1,48.29,3.4460,2
3737,3738,CCA/CTA,47.1,47.76,3.4358,3
3738,3739,CGC/TTA,47.1,45.68,3.3960,3
3739,3740,AAC/AAC,47.1,47.82,3.4370,3
3740,3741,AAC/ACC,47.1,45.41,3.3909,3
3741,3742,CTA/CCC,47.1,47.12,3.4236,3
3742,3743,ACA/TCC,47.1,50.60,3.4901,2
3743,3744,ATT/CTC,47.1,47.35,3.4280,3
3744,3745,ACG/GCG,47.1,48.58,3.4514,3
3745,3746,CAC/CCT,47.1,46.07,3.4034,3
3746,3747,CTT/CTT,47.1,47.28,3.4265,3
3747,3748,TCC/TTT,47.1,47.55,3.4318,3
3748,3749,TCT/CTC,47.1,46.65,3.4145,3
3749,3750,TTT/CAG,47.1,50.45,3.4873,2
3750,3751,CCT/CAT,47.1,46.18,3.4056,3
3751,3752,CTC/TCT,47.1,46.43,3.4103,3
3752,3753,TCC/CAA,47.0,46.64,3.4144,3
3753,3754,CTA/CCA,47.0,47.13,3.4237,3
3754,3755,TCC/GCA,47.0,47.55,3.4318,3
3755,3756,CTC/TCA,47.0,46.22,3.4063,3
3756,3757,AGC/AGA,47.0,48.86,3.4569,3
3757,3758,AAA/TGA,47.0,51.50,3.5073,2
3758,3759,CTA/CTA,47.0,47.73,3.4353,3
3759,3760,ATC/AAC,47.0,48.41,3.4482,2
3760,3761,TCC/CAC,47.0,46.69,3.4154,3
3761,3762,CTA/CGC,47.0,47.97,3.4398,3
3762,3763,AGC/GGC,47.0,48.98,3.4592,3
3763,3764,ATT/GGC,47.0,48.30,3.4462,3
3764,3765,TTC/CTC,47.0,46.13,3.4046,3
3765,3766,CTT/TTC,47.0,47.21,3.4252,3
3766,3767,TCG/TCG,47.0,48.83,3.4563,3
3767,3768,CGG/TGG,47.0,47.18,3.4246,3
3768,3769,TTT/CCT,47.0,47.29,3.4268,3
3769,3770,TCT/CAG,47.0,47.79,3.4364,3
3770,3771,TCT/TCG,47.0,48.08,3.4420,3
3771,3772,AAC/CCA,46.9,45.42,3.3910,3
3772,3773,CAC/TGA,46.9,46.72,3.4159,3
3773,3774,ACG/GTA,46.9,47.85,3.4374,3
3774,3775,CAC/TAC,46.9,47.71,3.4348,3
3775,3776,ATA/CCC,46.9,46.01,3.4024,3
3776,3777,CAT/CCC,46.9,46.76,3.4167,3
3777,3778,GCC/GCC,46.9,47.83,3.4372,3
3778,3779,ATA/CGC,46.9,47.27,3.4264,3
3779,3780,CTT/CCG,46.9,47.20,3.4251,3
3780,3781,ATT/GCG,46.9,47.29,3.4268,3
3781,3782,CTA/TCG,46.9,49.49,3.4689,3
3782,3783,TAG/TGG,46.9,48.59,3.4517,3
3783,3784,ACA/CCT,46.9,45.36,3.3898,2
3784,3785,CCC/TCT,46.9,46.06,3.4032,3
3785,3786,ATC/CGT,46.9,47.86,3.4377,3
3786,3787,TCC/TGT,46.9,47.87,3.4379,2
3787,3788,ATC/CTT,46.9,47.00,3.4213,3
3788,3789,TAC/CGC,46.9,47.74,3.4354,3
3789,3790,CGC/CAT,46.9,48.48,3.4496,3
3790,3791,ACC/CGT,46.9,48.03,3.4409,2
3791,3792,ACG/AAA,46.8,47.47,3.4303,3
3792,3793,ACT/AAA,46.8,48.64,3.4527,2
3793,3794,ACA/GAA,46.8,48.11,3.4425,3
3794,3795,CGC/TGA,46.8,49.20,3.4634,3
3795,3796,ACT/ATA,46.8,47.57,3.4322,2
3796,3797,AAT/CAC,46.8,47.29,3.4268,3
3797,3798,CCT/TAC,46.8,47.14,3.4239,3
3798,3799,CCT/CCC,46.8,45.87,3.3996,3
3799,3800,CTT/CCC,46.8,45.91,3.4004,3
3800,3801,TTT/CCC,46.8,46.32,3.4082,3
3801,3802,ATC/GCC,46.8,45.83,3.3990,3
3802,3803,CCC/TCC,46.8,45.79,3.3981,3
3803,3804,CAC/CTC,46.8,45.06,3.3841,2
3804,3805,TGG/TGG,46.8,46.84,3.4182,3
3805,3806,ACG/GTT,46.8,48.20,3.4443,3
3806,3807,CAC/CCA,46.7,45.96,3.4013,3
3807,3808,AAC/GCA,46.7,46.30,3.4078,3
3808,3809,AGC/GTA,46.7,48.62,3.4523,3
3809,3810,CTC/TTA,46.7,47.22,3.4255,3
3810,3811,AGC/AAC,46.7,47.57,3.4322,3
3811,3812,AGC/CAC,46.7,47.20,3.4251,3
3812,3813,CTT/CAC,46.7,45.89,3.4000,2
3813,3814,ATT/ACC,46.7,45.80,3.3982,3
3814,3815,TTA/CGC,46.7,46.63,3.4141,3
3815,3816,GGA/TGC,46.7,47.78,3.4361,3
3816,3817,GGT/TGC,46.7,47.00,3.4213,3
3817,3818,CCC/TTC,46.7,46.00,3.4022,3
3818,3819,CAT/TCG,46.7,47.97,3.4398,3
3819,3820,CCC/TAT,46.7,47.21,3.4254,3
3820,3821,TCT/CCT,46.7,46.27,3.4074,3
3821,3822,ACT/AGC,46.7,48.35,3.4470,2
3822,3823,ACT/CGC,46.7,47.94,3.4392,2
3823,3824,TTT/CCG,46.7,47.79,3.4364,3
3824,3825,ACC/TTT,46.7,50.70,3.4920,2
3825,3826,GGA/TGA,46.6,46.99,3.4211,3
3826,3827,TAC/TGC,46.6,48.01,3.4405,3
3827,3828,ATC/CCA,46.6,44.79,3.3789,3
3828,3829,CTC/CCA,46.6,45.83,3.3988,3
3829,3830,GCC/GCA,46.6,48.12,3.4427,3
3830,3831,AGC/CTA,46.6,47.86,3.4377,3
3831,3832,CAC/CTA,46.6,46.59,3.4135,2
3832,3833,ATC/CAC,46.6,46.90,3.4194,2
3833,3834,ATC/ACC,46.6,45.46,3.3918,3
3834,3835,TCC/CCC,46.6,45.56,3.3937,3
3835,3836,CTC/CGC,46.6,47.47,3.4303,3
3836,3837,TAT/CGC,46.6,47.15,3.4242,3
3837,3838,CCT/CTC,46.6,46.15,3.4050,3
3838,3839,CTT/CTC,46.6,46.63,3.4142,3
3839,3840,ACA/GCG,46.6,47.98,3.4401,3
3840,3841,CTG/TCG,46.6,48.41,3.4482,3
3841,3842,CGT/TGG,46.6,47.72,3.4350,3
3842,3843,ATC/CCT,46.6,45.08,3.3845,3
3843,3844,CTG/TGT,46.6,48.10,3.4422,3
3844,3845,CCC/TTT,46.6,46.33,3.4084,3
3845,3846,CTC/TTT,46.6,46.63,3.4141,3
3846,3847,GCC/TTT,46.6,48.33,3.4466,3
3847,3848,ATC/CTC,46.5,46.37,3.4093,3
3848,3849,ACT/TTC,46.5,50.65,3.4910,2
3849,3850,GGC/TGT,46.5,46.36,3.4090,3
3850,3851,CTG/TGA,46.5,47.21,3.4252,3
3851,3852,AAC/CAC,46.5,46.46,3.4110,3
3852,3853,ACA/GAC,46.5,47.87,3.4379,3
3853,3854,CCC/TAC,46.5,47.32,3.4274,3
3854,3855,CTC/CCC,46.5,45.84,3.3991,3
3855,3856,GCC/TTC,46.5,48.04,3.4412,3
3856,3857,TTG/CAG,46.5,49.18,3.4630,2
3857,3858,ACG/AAT,46.5,47.96,3.4396,3
3858,3859,TTC/CCT,46.5,46.44,3.4106,3
3859,3860,TTC/CGT,46.5,45.93,3.4009,3
3860,3861,TTT/CTC,46.5,46.91,3.4195,3
3861,3862,CTC/TTC,46.5,46.48,3.4113,3
3862,3863,CTC/CTT,46.5,46.27,3.4074,3
3863,3864,AGC/GGA,46.4,48.70,3.4538,3
3864,3865,CTC/CTA,46.4,46.72,3.4159,3
3865,3866,TCC/CTA,46.4,46.87,3.4188,3
3866,3867,CCT/CAC,46.4,46.37,3.4093,3
3867,3868,CTC/TCC,46.4,46.24,3.4068,3
3868,3869,TGT/TGC,46.4,45.98,3.4018,3
3869,3870,CTA/CAG,46.4,48.59,3.4517,2
3870,3871,ACG/TCG,46.4,50.14,3.4812,2
3871,3872,ACT/CTG,46.4,45.80,3.3984,3
3872,3873,CTC/CAT,46.4,45.89,3.4000,2
3873,3874,TCC/CAT,46.4,46.67,3.4150,3
3874,3875,ACT/GAT,46.4,47.15,3.4240,3
3875,3876,TTT/CGT,46.4,47.28,3.4267,3
3876,3877,GTA/TGA,46.4,48.01,3.4406,3
3877,3878,CGC/TAT,46.4,46.30,3.4078,3
3878,3879,AGC/CCT,46.4,48.65,3.4528,2
3879,3880,CCT/CCT,46.4,45.82,3.3987,3
3880,3881,TCC/CCA,46.3,45.88,3.3999,3
3881,3882,ATC/GCA,46.3,46.09,3.4038,3
3882,3883,TTT/TGA,46.3,47.95,3.4395,2
3883,3884,AGC/ATA,46.3,48.05,3.4414,3
3884,3885,CTA/CAC,46.3,46.43,3.4104,2
3885,3886,AAC/CCC,46.3,44.77,3.3786,3
3886,3887,AGC/CCC,46.3,48.29,3.4460,2
3887,3888,CAC/CCC,46.3,45.43,3.3912,3
3888,3889,ATC/CGC,46.3,46.82,3.4179,3
3889,3890,CAC/TGC,46.3,46.95,3.4202,3
3890,3891,TGA/TGC,46.3,46.23,3.4065,3
3891,3892,CTC/CCT,46.3,45.94,3.4010,3
3892,3893,GTC/TGT,46.3,46.52,3.4120,3
3893,3894,CGG/CAG,46.3,49.17,3.4627,3
3894,3895,TTC/CTT,46.3,46.33,3.4084,3
3895,3896,ACT/CAA,46.2,47.15,3.4240,2
3896,3897,CCA/TGA,46.2,47.80,3.4366,2
3897,3898,CGG/TGA,46.2,46.50,3.4116,3
3898,3899,ACA/AAC,46.2,47.02,3.4217,3
3899,3900,CAC/CAC,46.2,43.42,3.3528,3
3900,3901,ACT/TAC,46.2,50.20,3.4825,2
3901,3902,CCC/CCC,46.2,45.46,3.3918,3
3902,3903,TTC/CGC,46.2,46.07,3.4034,3
3903,3904,CCC/CTC,46.2,45.98,3.4018,3
3904,3905,ACG/AAG,46.2,47.73,3.4353,3
3905,3906,ATG/CAG,46.2,48.95,3.4586,2
3906,3907,CCG/TCG,46.2,48.42,3.4483,3
3907,3908,TTT/TCG,46.2,48.50,3.4499,3
3908,3909,ACT/TAT,46.2,50.69,3.4919,2
3909,3910,CGC/ATT,46.2,46.66,3.4148,3
3910,3911,CGC/TTT,46.2,45.67,3.3959,3
3911,3912,TCC/CTC,46.2,46.15,3.4050,3
3912,3913,CGC/CTT,46.2,45.92,3.4006,3
3913,3914,ACC/CGA,46.1,47.86,3.4377,2
3914,3915,TAG/TGA,46.1,47.79,3.4363,3
3915,3916,TCC/TGA,46.1,47.71,3.4348,2
3916,3917,CCC/TTA,46.1,46.74,3.4163,3
3917,3918,CTC/CAC,46.1,45.19,3.3866,2
3918,3919,ATC/CCC,46.1,44.74,3.3780,3
3919,3920,ATT/CCC,46.1,45.03,3.3835,3
3920,3921,ACA/GCC,46.1,45.85,3.3993,3
3921,3922,AAA/TGC,46.1,51.45,3.5063,2
3922,3923,ACT/GCA,46.0,46.80,3.4175,2
3923,3924,GAA/TGA,46.0,48.39,3.4479,3
3924,3925,GTG/TGA,46.0,48.35,3.4470,3
3925,3926,CTT/TGG,46.0,47.81,3.4367,3
3926,3927,ACG/CAT,46.0,46.99,3.4211,3
3927,3928,CCC/CCT,46.0,45.59,3.3943,3
3928,3929,CCC/CTT,46.0,46.06,3.4032,3
3929,3930,CCC/TCA,45.9,46.04,3.4029,3
3930,3931,ACC/AGA,45.9,48.27,3.4456,2
3931,3932,CGA/TGA,45.9,46.08,3.4037,3
3932,3933,CTC/TGA,45.9,46.79,3.4172,3
3933,3934,ACC/TTA,45.9,51.06,3.4989,2
3934,3935,AAT/TGC,45.9,51.02,3.4981,2
3935,3936,ACA/ATC,45.9,46.22,3.4063,3
3936,3937,CTC/CTC,45.9,45.83,3.3990,3
3937,3938,ACT/AAG,45.9,47.76,3.4357,3
3938,3939,ACG/ACG,45.9,46.34,3.4087,3
3939,3940,AGC/AGT,45.9,48.23,3.4449,3
3940,3941,GGC/TGA,45.9,47.53,3.4313,3
3941,3942,GTC/TGA,45.9,47.97,3.4398,3
3942,3943,ACC/TAA,45.8,50.31,3.4845,2
3943,3944,CCC/TAA,45.8,47.25,3.4261,3
3944,3945,CCC/CCA,45.8,45.61,3.3947,3
3945,3946,ACT/CTA,45.8,47.00,3.4213,2
3946,3947,ATT/CGC,45.8,46.82,3.4178,3
3947,3948,CCA/TGC,45.8,47.18,3.4246,2
3948,3949,TGT/TGT,45.8,45.58,3.3941,3
3949,3950,CCC/CAA,45.7,45.71,3.3966,3
3950,3951,CCC/CAC,45.7,45.46,3.3918,3
3951,3952,ACA/ACC,45.7,45.37,3.3901,3
3952,3953,ACC/AGC,45.7,47.27,3.4264,2
3953,3954,ACC/TTC,45.7,50.32,3.4847,2
3954,3955,CCA/CAG,45.7,48.33,3.4466,3
3955,3956,CTT/TGT,45.7,46.40,3.4098,3
3956,3957,TCC/CTT,45.7,46.50,3.4116,3
3957,3958,TTT/CGC,45.7,46.33,3.4085,3
3958,3959,CGC/TGT,45.7,48.46,3.4492,3
3959,3960,CAG/TGA,45.6,47.37,3.4283,3
3960,3961,ACA/ATA,45.6,46.73,3.4161,3
3961,3962,ACG/ATA,45.6,46.78,3.4170,3
3962,3963,ACC/TAC,45.6,49.77,3.4742,2
3963,3964,GGC/TGC,45.6,47.24,3.4259,3
3964,3965,TCC/CCT,45.6,45.95,3.4012,3
3965,3966,TTT/TGG,45.6,47.41,3.4291,3
3966,3967,ACC/TAT,45.6,50.19,3.4822,2
3967,3968,CGT/TGT,45.5,45.73,3.3969,3
3968,3969,CCC/CTA,45.5,46.41,3.4100,3
3969,3970,TGC/TGC,45.5,45.92,3.4006,3
3970,3971,CAT/CAG,45.5,47.91,3.4386,3
3971,3972,ACG/ACT,45.5,46.59,3.4134,3
3972,3973,ACT/TCT,45.5,49.58,3.4706,2
3973,3974,TGC/TGT,45.5,45.16,3.3862,3
3974,3975,ACT/TCG,45.5,51.07,3.4991,2
3975,3976,CCC/TGT,45.5,46.65,3.4145,2
3976,3977,ACA/ACA,45.4,45.04,3.3838,3
3977,3978,ACT/ACA,45.4,45.55,3.3935,2
3978,3979,ACC/CGC,45.4,46.85,3.4183,2
3979,3980,CTT/CAG,45.4,48.61,3.4520,2
3980,3981,CCT/TCG,45.4,47.66,3.4338,3
3981,3982,TTG/TGG,45.4,47.18,3.4246,3
3982,3983,AGC/GTT,45.4,47.32,3.4274,3
3983,3984,ACA/CAA,45.3,46.29,3.4076,3
3984,3985,ACG/CAA,45.3,46.56,3.4128,3
3985,3986,TGA/TGA,45.3,45.78,3.3979,3
3986,3987,ACA/CAC,45.3,46.03,3.4028,3
3987,3988,ACT/GAC,45.3,46.78,3.4170,3
3988,3989,ACT/GTT,45.3,47.07,3.4226,3
3989,3990,ACT/ACG,45.3,45.54,3.3934,3
3990,3991,ACG/ACA,45.2,45.64,3.3953,3
3991,3992,TCT/TGC,45.2,47.79,3.4363,2
3992,3993,TAA/TGA,45.2,47.02,3.4216,3
3993,3994,CTC/TGT,45.2,45.40,3.3906,3
3994,3995,ACA/CTC,45.1,45.53,3.3931,3
3995,3996,CTT/TCG,45.1,47.71,3.4348,3
3996,3997,ACG/ATT,45.1,47.12,3.4235,3
3997,3998,TTT/TGT,45.1,46.07,3.4034,3
3998,3999,AGC/CAT,45.1,47.65,3.4337,3
3999,4000,AGC/GAT,45.1,47.82,3.4369,3
4000,4001,ACC/AAA,45.0,46.21,3.4062,3
4001,4002,TGG/TGA,45.0,46.66,3.4148,3
4002,4003,CAG/CAG,45.0,46.74,3.4163,3
4003,4004,ACC/TCA,44.9,49.35,3.4663,2
4004,4005,ACT/TCC,44.9,49.66,3.4720,2
4005,4006,ACC/TCT,44.9,49.51,3.4693,2
4006,4007,AGC/TGT,44.8,51.39,3.5051,2
4007,4008,ACA/GCA,44.7,45.62,3.3949,3
4008,4009,CAA/TGA,44.7,47.14,3.4239,3
4009,4010,ACC/TCC,44.7,49.31,3.4654,2
4010,4011,GAA/TGC,44.7,47.82,3.4370,3
4011,4012,ACG/CAG,44.7,46.73,3.4160,3
4012,4013,TAA/TGC,44.7,47.47,3.4303,3
4013,4014,TCC/TGC,44.7,46.76,3.4167,2
4014,4015,AGC/AAT,44.7,47.87,3.4379,3
4015,4016,ACA/CCA,44.6,44.76,3.3785,3
4016,4017,ACA/CTA,44.6,46.16,3.4051,3
4017,4018,ACG/CTT,44.6,46.34,3.4087,3
4018,4019,ACT/CAG,44.6,46.69,3.4154,3
4019,4020,ACC/GTT,44.6,46.60,3.4137,3
4020,4021,ACC/GTA,44.5,47.05,3.4223,3
4021,4022,ACG/CCT,44.5,45.14,3.3857,3
4022,4023,CTG/CAG,44.5,47.29,3.4268,2
4023,4024,AGC/CTT,44.5,46.48,3.4113,3
4024,4025,AGC/TGA,44.4,51.47,3.5067,2
4025,4026,TTC/TGA,44.4,46.56,3.4129,3
4026,4027,TAT/TGC,44.4,46.95,3.4204,3
4027,4028,ACG/CCG,44.4,44.39,3.3714,3
4028,4029,TTC/TGT,44.4,45.20,3.3869,3
4029,4030,TTG/TGA,44.3,47.05,3.4221,3
4030,4031,GAT/TGC,44.3,47.89,3.4383,3
4031,4032,GTA/TGC,44.3,47.37,3.4284,3
4032,4033,CCG/CAG,44.3,47.23,3.4256,3
4033,4034,ACT/AAT,44.3,46.54,3.4125,3
4034,4035,ACG/CTA,44.2,45.95,3.4012,3
4035,4036,CAA/TGC,44.2,46.79,3.4173,3
4036,4037,CAT/TGC,44.2,46.56,3.4129,3
4037,4038,CCT/TGC,44.2,46.56,3.4128,2
4038,4039,GTC/TGC,44.2,46.95,3.4204,3
4039,4040,ACT/GTC,44.2,46.53,3.4123,3
4040,4041,ACC/GAA,44.1,47.24,3.4258,3
4041,4042,CCC/TGA,44.1,46.48,3.4113,2
4042,4043,AGC/TGC,44.1,50.04,3.4794,2
4043,4044,TTA/TGA,44.0,46.43,3.4103,3
4044,4045,ACA/CCC,44.0,44.89,3.3808,3
4045,4046,CCT/CAG,44.0,47.17,3.4245,3
4046,4047,GTT/TGC,44.0,46.99,3.4211,3
4047,4048,ACC/GAT,43.9,46.86,3.4186,3
4048,4049,ACC/AAT,43.9,46.30,3.4078,3
4049,4050,ACC/CAA,43.8,45.37,3.3900,3
4050,4051,ACT/CCA,43.8,43.94,3.3627,2
4051,4052,ACC/GTC,43.7,46.42,3.4101,3
4052,4053,ACT/GCT,43.7,44.68,3.3770,3
4053,4054,AGC/ATT,43.7,46.76,3.4166,3
4054,4055,ACG/CCA,43.6,43.97,3.3633,3
4055,4056,ACT/CAT,43.6,45.60,3.3946,3
4056,4057,ACC/ATA,43.4,45.73,3.3971,3
4057,4058,ACT/ACT,43.4,43.92,3.3623,3
4058,4059,ACT/CAC,43.3,45.22,3.3872,3
4059,4060,CCC/TGC,43.3,45.46,3.3918,2
4060,4061,TTA/TGC,43.3,45.80,3.3982,3
4061,4062,ACT/GCG,43.3,46.31,3.4081,3
4062,4063,TGC/TGA,43.2,45.63,3.3951,3
4063,4064,ACT/GCC,43.2,44.47,3.3728,3
4064,4065,TTC/TGC,43.2,45.40,3.3907,3
4065,4066,ACT/CCG,43.2,43.78,3.3596,3
4066,4067,CTA/TGC,43.1,45.91,3.4004,3
4067,4068,ACT/CTT,43.1,45.26,3.3881,3
4068,4069,ACC/ACA,43.0,43.77,3.3595,3
4069,4070,CTC/TGC,43.0,45.40,3.3906,3
4070,4071,ACC/GCA,42.9,44.34,3.3703,3
4071,4072,ACC/CAC,42.9,44.50,3.3734,3
4072,4073,ACC/GAC,42.9,46.31,3.4081,3
4073,4074,ACC/AAC,42.8,45.53,3.3931,3
4074,4075,ACT/AAC,42.7,46.24,3.4068,3
4075,4076,ACC/GCC,42.7,44.07,3.3653,3
4076,4077,ACT/ATT,42.7,45.90,3.4002,3
4077,4078,ACC/CTA,42.6,44.86,3.3802,3
4078,4079,ACT/ACC,42.6,43.96,3.3630,3
4079,4080,ACT/CCC,42.6,43.96,3.3632,3
4080,4081,CTT/TGC,42.6,45.77,3.3978,3
4081,4082,ACC/ACT,42.6,43.92,3.3624,3
4082,4083,ACC/GCT,42.6,44.28,3.3693,3
4083,4084,ACC/CCA,42.4,43.72,3.3586,3
4084,4085,ACT/ATC,42.4,45.40,3.3906,3
4085,4086,ACC/CAT,42.4,45.11,3.3851,3
4086,4087,ACC/ATC,42.3,45.07,3.3844,3
4087,4088,TTT/TGC,42.3,45.47,3.3919,3
4088,4089,ACC/ACC,42.2,44.95,3.3820,3
4089,4090,ACC/CCC,42.2,43.47,3.3538,3
4090,4091,ACT/CCT,42.2,43.92,3.3623,3
4091,4092,ACC/ATT,42.2,45.42,3.3910,3
4092,4093,ACC/CTT,42.1,44.38,3.3711,3
4093,4094,ACC/CTC,41.8,44.24,3.3685,3
4094,4095,ACT/CTC,41.6,44.63,3.3759,3
4095,4096,ACC/CCT,41.3,43.72,3.3586,3
